-- --------------------------------------------------------
-- Host:                         127.0.0.1
-- Server version:               10.4.28-MariaDB - mariadb.org binary distribution
-- Server OS:                    Win64
-- HeidiSQL Version:             12.6.0.6765
-- --------------------------------------------------------

/*!40101 SET @OLD_CHARACTER_SET_CLIENT=@@CHARACTER_SET_CLIENT */;
/*!40101 SET NAMES utf8 */;
/*!50503 SET NAMES utf8mb4 */;
/*!40103 SET @OLD_TIME_ZONE=@@TIME_ZONE */;
/*!40103 SET TIME_ZONE='+00:00' */;
/*!40014 SET @OLD_FOREIGN_KEY_CHECKS=@@FOREIGN_KEY_CHECKS, FOREIGN_KEY_CHECKS=0 */;
/*!40101 SET @OLD_SQL_MODE=@@SQL_MODE, SQL_MODE='NO_AUTO_VALUE_ON_ZERO' */;
/*!40111 SET @OLD_SQL_NOTES=@@SQL_NOTES, SQL_NOTES=0 */;


-- Dumping database structure for web
CREATE DATABASE IF NOT EXISTS `web` /*!40100 DEFAULT CHARACTER SET utf8mb4 COLLATE utf8mb4_vietnamese_ci */;
USE `web`;

-- Dumping structure for table web.baibao
CREATE TABLE IF NOT EXISTS `baibao` (
  `maBaiBao` varchar(50) NOT NULL,
  `tenBaiBao` varchar(500) CHARACTER SET utf8 COLLATE utf8_general_ci DEFAULT NULL,
  `moTa` text DEFAULT NULL,
  `filePath` varchar(500) DEFAULT NULL,
  `noiDung` text DEFAULT NULL,
  `ngayDang` timestamp NULL DEFAULT NULL,
  `tenDangNhap` varchar(50) DEFAULT NULL,
  `luotXem` int(11) DEFAULT NULL,
  PRIMARY KEY (`maBaiBao`),
  KEY `tenDangNhap` (`tenDangNhap`),
  CONSTRAINT `baibao_ibfk_1` FOREIGN KEY (`tenDangNhap`) REFERENCES `nguoidung` (`tenDangNhap`)
) ENGINE=InnoDB DEFAULT CHARSET=utf8mb4 COLLATE=utf8mb4_general_ci;

-- Dumping data for table web.baibao: ~56 rows (approximately)
INSERT INTO `baibao` (`maBaiBao`, `tenBaiBao`, `moTa`, `filePath`, `noiDung`, `ngayDang`, `tenDangNhap`, `luotXem`) VALUES
	('A1703229867174', 'Cuộc trao đổi tù nhân Nga - Mỹ trên đất Thổ Nhĩ Kỳ', 'Thổ Nhĩ Kỳ đang thể hiện vai trò ngày càng quan trọng trong nỗ lực làm trung gian đàm phán trong các cuộc trao đổi tù nhân giữa Nga với Mỹ và Ukraine. ', 'https://i.imgur.com/do29hG6.png', 'Hai máy bay, mỗi chiếc chở một tù nhân của Mỹ và Nga, cùng tiếp cận đường băng sân bay thủ đô Ankara dưới sự giám sát của một sĩ quan tình báo Thổ Nhĩ Kỳ trong tháp không lưu. Khi phi công từ từ hạ độ cao, họ nhận được chỉ thị trên đường dây liên lạc bảo mật.\r\n\r\nSĩ quan tình báo Thổ Nhĩ Kỳ cảnh báo họ không được phép hạ cánh cho đến khi phi hành đoàn hoàn tất các quy trình đã được liệt kê, trong đó có chụp và gửi cho ông hình ảnh của hành khách có mặt trên máy bay. Các bên không được phép đưa phóng viên lên khoang máy bay, không trì hoãn hay thay đổi vào phút chót và không ai được mang súng.\r\n\r\nĐây là một phần trong hoạt động trao đổi tù nhân giữa Nga và Mỹ diễn ra trên lãnh thổ Thổ Nhĩ Kỳ vào ngày 27/4/2022, hai tháng sau khi Nga phát động chiến dịch tại Ukraine.\r\n\r\nTại tháp không lưu ở sân bay Ankara, sĩ quan tình báo Thổ Nhĩ Kỳ nhận được ảnh của các hành khách Nga và Mỹ qua điện thoại. Chúng trùng khớp với nhận diện của những tù nhân có tên trong danh sách trao đổi được lên trước đó nhiều ngày.\r\n\r\nKiểm soát viên không lưu ra hiệu cho phép hạ cánh và hai máy bay di chuyển đến vị trí cách nhau 300 m, như thỏa thuận từ trước. Động cơ của chúng vẫn gầm rú khi cửa mở ra.\r\n\r\nTừ chiếc máy bay đầu tiên, Konstantin Yaroshenko bước ra, mặc áo phông màu nâu, quần kaki và mang theo một tập hồ sơ màu vàng. Đây là phi công Nga đã bị kết án về tội buôn lậu cocaine ở Mỹ.\r\n\r\nTừ phía bên kia, cựu lính thủy quân lục chiến Mỹ Trevor Reed lê bước trên đường băng, dáng vẻ mệt mỏi sau ba cuộc tuyệt thực, mỗi cuộc kéo dài 6 ngày, tại trại giam IK-12 của Nga.\r\n\r\nGương mặt chủ chốt dàn xếp cuộc trao đổi tù nhân này là Hakan Fidan, cựu lãnh đạo Tổ chức Tình báo Quốc gia Thổ Nhĩ Kỳ (MIT), người được Tổng thống Erdogan vô cùng tin tưởng. Fidan từng là sĩ quan quân đội được cử đi học tại Đại học Maryland, Mỹ, và trở thành giám đốc tình báo trẻ nhất của Thổ Nhĩ Kỳ vào năm 2010 ở tuổi 42.\r\n\r\nÔng giúp Tổng thống Recep Tayyip Erdogan dập tắt âm mưu đảo chính năm 2016 và được bổ nhiệm làm Ngoại trưởng Thổ Nhĩ Kỳ hồi tháng 6. Các cựu nhân viên Cơ quan Tình báo Trung ương Mỹ (CIA) từng làm việc với Fidan cho hay ông đã xây dựng được một mạng lưới đầu mối có liên hệ chặt chẽ ở cả Washington và Moskva.\r\n\r\nHai tháng sau khi Nga phát động chiến dịch tại Ukraine, cả Washington và Moskva đều gửi yêu cầu tới văn phòng của Fidan, đề nghị ông giúp thu xếp cuộc trao đổi tù nhân Reed và Yaroshenko ở Istanbul, Thổ Nhĩ Kỳ.\r\n\r\nCác quan chức tình báo Nga và Mỹ đã thảo luận rất nhiều về việc quốc gia nào có thể đảm nhận nhiệm vụ làm bên thứ ba thu xếp cuộc trao đổi tù nhân, do nhiều nước đã áp lệnh hạn chế đi lại đối với các quan chức Nga để phản ứng với cuộc chiến ở Ukraine. Nga muốn trao đổi tại Moskva, song Mỹ lập tức từ chối vì lo sợ đối phương có thể thay đổi vào phút chót hoặc từ bỏ thỏa thuận, khiến họ trắng tay.\r\n\r\nCuối cùng, hai bên đều đồng ý rằng họ có thể tin tưởng Thổ Nhĩ Kỳ. "Tất cả liên quan đến niềm tin. Đó là ngoại giao tình báo", một quan chức Thổ Nhĩ Kỳ nói.\r\n\r\nFidan trả lời rằng Thổ Nhĩ Kỳ sẽ giúp, nhưng gợi ý cuộc trao đổi con tin nên diễn ra tại một khu vực vắng vẻ ở sân bay thủ đô Ankara, thay vì đường băng nhộn nhịp tại Istanbul.\r\n\r\nThổ Nhĩ Kỳ chưa bao giờ sắp xếp một cuộc trao đổi tù nhân như vậy giữa các cường quốc và nước này không có quy trình tiêu chuẩn. Fidan đã chuyển yêu cầu lên Tổng thống Erdogan và nhận được cái gật đầu từ ông.', '2023-12-22 07:24:27', 'ngan', 0),
	('B1703212645963', '\'Nước mắm nhiều cơ hội mở rộng thị trường nước ngoài\'', 'BÌNH ĐỊNH Nhu cầu tiêu thụ mắm nhĩ tại nước ngoài gia tăng giúp thương hiệu Bếp Xưa thêm cơ hội xuất khẩu đi nhiều nước.', 'https://i.imgur.com/yeVD2C2.png', 'Nước mắm Bếp Xưa là sản phẩm OCOP nổi bật của Bình Định, được xếp hạng tiềm năng đạt 5 sao. Ra mắt năm 2018, ngoài Bình Định, thương hiệu này mở rộng thị trường tiêu thụ toàn quốc và nước ngoài. Ông Hồ Văn Hưng - Giám đốc Công ty TNHH Sản xuất thương mại Hưng Thịnh Đạt, đơn vị sở hữu nước mắm Bếp Xưa chia sẻ việc đưa sản phẩm OCOP ra thị trường quốc tế.\r\n\r\n- Điều gì khiến ông quyết định khởi nghiệp với nước mắm?\r\n\r\n- Tôi sinh ra và lớn lên Tam Quan, Bình Định, vốn nổi tiếng với nghề làm nước mắm truyền thống từ cá cơm. Khi học đại học, tôi đã bán mắm dạo cho của gia đình cho các khu trọ sinh viên, công nhân, thỉnh thoảng giao cho các quán cơm. Nhiều người nhận xét nước mắm thơm, ngon. Dần dần tôi có khách quen, đặt thường xuyên. Thời gian đó, công việc bán nước mắm giúp tôi trang trải được phần nào tiền học. Sau này ra trường đi làm, khách vẫn gọi hỏi nước mắm.\r\n\r\nĐi làm một thời gian, tôi có ý định về quê xây dựng thương hiệu nước mắm của gia đình. Năm 2017, khi có đủ tích lũy về kinh nghiệm quản lý thương hiệu, chất lượng, nhân sự, thị trường, tôi thành lập công ty chuyên làm nước mắm Bếp Xưa. Tôi đưa các sản phẩm vào các tiệm tạp hóa ở Bình Định rồi dần dần mở rộng thêm thị trường. May mắn là lượng khách hàng trong tỉnh và các vùng lân cận ổn định.\r\n\r\n- Vì sao doanh nghiệp lại nhắm đến việc xuất khẩu?\r\n\r\n- Trước đây, việc xuất khẩu nước mắm Việt Nam chủ yếu là các loại đến từ Phú Quốc. Trong khi đó, Bình Định cũng là địa phương có lợi thế về biển, nguồn hải sản và nghề làm mắm lâu đời. Chúng tôi mong muốn sản phẩm nước mắm đặc trưng của Bình Định được nhiều thị trường biết đến hơn, sánh ngang nhiều loại nước chấm khác trên thế giới. Hơn nữa, việc đưa sản phẩm ra nước ngoài cũng giúp chúng tôi mở rộng sản xuất, tạo việc làm cho nhiều người lao động hơn.\r\n\r\nQuá trình đưa nước mắm ra thị trường nước ngoài cũng rất khó khăn. Đầu tiên phải có đối tác nước ngoài muốn hợp tác phân phối. May mắn là cuối năm 2020 có đối tác người Hàn Quốc sang Việt Nam dùng thử sản phẩm rồi về nước gửi mail xin làm đại lý phân phối. Chúng tôi chấp nhận, rồi gửi lại mẫu sang Hàn. Sau quy trình kiểm nghiệm, các sản phẩm đạt tiêu chuẩn, quy định nước sở tại, số lượng 4.000 lít mỗi tháng. Sau đó, chúng tôi tìm cách mở rộng thêm mạng lưới đối tác ở Singapore, Malaysia,...\r\n\r\n- Qua nhiều năm, chúng tôi đánh giá thị trường quốc tế có nhu cầu lớn. Người Việt sống tại nước ngoài cũng nhiều nên đầu ra khá ổn định. Hiện tại mỗi tháng chúng tôi xuất đi các thị trường như Hàn Quốc, Nhật, Malaysia, Australia,... trung bình 100 tấn nước mắm. Các sản phẩm được đánh giá cao hơn loại của Thái Lan vì sự thơm ngon, vệ sinh an toàn. Đến nay, chúng tôi là đơn vị duy nhất tại Bình Định có đơn hàng xuất khẩu.\r\n\r\n- Đâu là yếu tố giúp nước mắm Bình Định chinh phục thị trường quốc tế?\r\n\r\n- Nước mắm của chúng tôi được làm hoàn toàn từ cá cơm tươi, ủ chượp từ 16-24 tháng. Màu mắm là màu cánh gián không quá đậm màu, vị thơm dịu nhẹ, không nặng mùi, ngọt hậu. Ngoài ra, để thu hút người dùng, chúng tôi đầu tư nhiều vào thiết kế bao bì đẹp mắt, định hướng sản phẩm sang trọng, cao cấp.', '2023-12-21 17:00:00', 'hao', 0),
	('B1703238911078', 'Cẩm nang TPHCM', 'TP HCM là nơi hội tụ nhiều nền văn hóa, với các sản phẩm du lịch đa dạng, là "thành phố không ngủ" với những hoạt động vui chơi, giải trí sôi động cả ngày lẫn đêm.', 'https://i.imgur.com/npLzpeM.png', 'Mùa đẹp\r\nTP HCM nằm trong vùng nhiệt đới gió mùa cận xích đạo. Đặc điểm chung của thời tiết ở đây là nhiệt độ cao đều trong năm, có hai mùa mưa và khô rõ rệt. Mùa mưa từ tháng 5 đến tháng 11, mùa khô từ tháng 12 đến tháng 4. Nhiệt độ trung bình khoảng 27 độ C, cao nhất lên hơn 40 độ C nhưng đa phần nắng không gay gắt, độ ẩm thấp, dịu mát về chiều tối.\r\n\r\nNắng nóng không khắc nghiệt như thời tiết miền Bắc, nên du khách có thể ghé thăm thành phố bất kể thời điểm nào trong năm. Nếu đến vào mùa mưa, nên chuẩn bị ô để tránh những cơn mưa rào bất chợt.\r\n\r\nDi chuyển đến TP HCM\r\nLà thành phố lớn nên việc di chuyển đến TP HCM thuận tiện, với đầy đủ phương tiện giao thông gồm máy bay, tàu hỏa, tàu biển, ôtô...\r\n\r\nCác hãng hàng không nội địa đều khai thác chuyến bay thẳng đến sân bay Tân Sơn Nhất từ nhiều địa phương mỗi ngày. TP HCM là nơi có các chuyến đi và đến có tần suất lớn nhất cả nước. Giá vé khứ hồi từ đến TP HCM dao động từ 2 đến 4 triệu đồng, tùy nơi xuất phát và thời điểm mua vé.\r\n\r\nSân bay Tân Sơn Nhất nằm ở quận Tân Bình, cách trung tâm (quận 1) khoảng 8 km, cách quận 3 và quận Phú Nhuận khoảng 5 km. Hiện giá taxi truyền thống từ sân bay Tân Sơn Nhất vào trung tâm khoảng 250.000 đồng. Du khách có thể đặt xe công nghệ với mức giá bằng một nửa (không phải giờ cao điểm). Một trong những kinh nghiệm là đi bộ đến ga quốc tế đặt xe sẽ nhanh hơn so với chờ ở ga quốc nội.\r\n\r\nVới tàu hỏa, tàu Thống Nhất nhanh nhất nối Hà Nội và TP HCM hiện là 30 tiếng, dừng ở các ga lớn như Vinh - Đồng Hới - Huế - Đà Nẵng. Du khách nên đặt vé tại đại lý uy tín hoặc trực tiếp qua trang dsvn.vn, chọn ga đi và ga đến, loại ghế ngồi hoặc giường nằm theo nhu cầu. Giá vé tàu khác nhau tùy theo khoang, loại ghế.\r\n\r\nĐường bộ nối miền Nam và miền Bắc có hai tuyến chính: quốc lộ 1A và đường mòn Hồ Chí Minh. Tùy theo nhu cầu, các điểm đến trên hành trình mà du khách lựa chọn tuyến đường phù hợp.\r\n\r\nDi chuyển trong TP HCM\r\nViệc đi lại trong thành phố thuận tiện, có nhiều phương tiện giao thông. Thuê xe máy là một trong những lựa chọn phổ biến nhất. Hầu hết điểm lưu trú đều hỗ trợ cho thuê xe, hoặc tìm thuê theo địa chỉ trên mạng, phổ biến ở khu vực trung tâm. Giá thuê một ngày tùy loại xe, dao động 100.000-200.000 đồng. Một số nơi sẽ yêu cầu khách đặt cọc 1 đến 4 triệu đồng, có nơi chỉ cần lưu lại giấy tờ tùy thân.\r\n\r\nNgoài ra, di chuyển bằng xe công nghệ (ôtô hoặc xe máy) ở TP HCM cũng là lựa chọn thuận tiện. Tuy nhiên, nếu di chuyển liên tục, sẽ tốn kém.\r\n\r\nPhương tiện công cộng là lựa chọn hợp lý khi muốn tiết kiệm chi phí. Du khách có thể chọn xe buýt hoặc xe đạp công cộng (với khu trung tâm). Xe đạp công cộng khai trương tháng 12/2021. Các điểm đặt xe được bố trí trên vỉa hè nhiều tuyến đường tại quận 1, gần các trạm dừng, nhà chờ xe buýt, công viên, điểm du lịch... với giá 5.000 đồng cho 30 phút và 10.000 đồng cho 60 phút.\r\n\r\nLưu trú\r\nDịch vụ lưu trú tại TP HCM đa dạng với hệ thống khách sạn, homestay, căn hộ dịch vụ, đáp ứng nhu cầu của du khách. Có thể tìm được phòng nghỉ với mức giá từ vài trăm nghìn đến hàng chục triệu đồng một đêm.\r\n\r\nCó nhiều khách sạn 5 sao mức giá khoảng 3-7 triệu đồng như Park Hyatt Sài Gòn, Hotel Majestic Saigon, Hotel des Arts Saigon, Pullman Saigon Centre, Hotel Nikko Saigon, Norfolk Mansion, La Vela Saigon.\r\n\r\nỞ phân khúc tầm trung 1-2 triệu đồng, du khách có thể tham khảo các khách sạn như Wink Hotel Saigon Centre, La Memoria Hotel, The Hammock Hotel Ben Thanh, Millennium Boutique Hotel, The Odys Boutique Hotel.\r\n\r\nCăn hộ dịch vụ với đầy đủ tiện nghi như căn hộ thông thường nhưng được trang trí đẹp mắt phù hợp nhu cầu du lịch. Một số địa chỉ du khách có thể tham khảo gồm Ariosa, The Bloom, City Oasis, S Home, M Village Boutique. Các căn hộ dịch vụ có mức giá từ 800.000 đồng đến 2 triệu đồng.\r\n\r\nHomestay có mức giá chưa đến 1 triệu đồng mỗi phòng. Một số địa chỉ homestay ở trung tâm có thể kể đến Nấp Saigon, Home, Hostie Saigon Wanderlust Home, Cactusland Homestay, Zooz Studio.\r\n\r\nNgoài ra, còn có nhiều nhà nghỉ bình dân khác. Du khách có thể tham khảo đặt phòng tại Agoda hay Booking.\r\n\r\nHoạt động du lịch và giải trí\r\nDu lịch TP HCM định hướng mỗi quận, huyện có một sản phẩm du lịch. Thành phố hội tụ đa dạng hoạt động giải trí, khu vui chơi, tham quan, mua sắm phù hợp nhiều đối tượng khách.', '2023-12-22 09:55:11', 'buon', 0),
	('C1703227958244', 'Hutech tuyển sinh 16 chuyên ngành thạc sĩ năm 2024', 'Trường Đại học Công nghệ TP HCM (Hutech) nhận hồ sơ tuyển sinh đợt một cho 16 chuyên ngành bậc thạc sĩ từ nay đến ngày 6/4/2024.', 'https://i.imgur.com/55hqP3T.png', 'Theo công bố mới nhất của trường, 16 chuyên ngành đào tạo trình độ thạc sĩ đợt này bao gồm Kỹ thuật điện, Kỹ thuật cơ điện tử, Kỹ thuật môi trường, Kỹ thuật xây dựng, Công nghệ sinh học, Công nghệ thông tin, Công nghệ thực phẩm, Kế toán, Quản trị kinh doanh, Quản trị dịch vụ du lịch và lữ hành, Ngôn ngữ Anh, Luật kinh tế, Kỹ thuật ô tô, Marketing, Tài chính - Ngân hàng, Thú y.\r\n\r\n"Đây đều là những ngành học có nhu cầu nguồn nhân lực quản lý cấp cao và phù hợp với xu hướng phát triển kinh tế - xã hội thời hội nhập", đại diện Hutech khẳng định.\r\n\r\nChương trình đào tạo tại Hutech thiết kế theo định hướng ứng dụng, tính thực tiễn cao, có sự tham vấn của các doanh nghiệp uy tín. Trường xây dựng đội ngũ giảng viên phụ trách giảng dạy là giáo sư, phó giáo sư, tiến sĩ dày dặn kinh nghiệm nhằm giúp người học hoàn thiện kiến thức, phát triển tư duy quản trị, khả năng nắm bắt và giải quyết vấn đề ở tầm vĩ mô.\r\n\r\nSong song, trường thường xuyên tổ chức các hội thảo chuyên đề dành cho học viên sau đại học và lãnh đạo, quản lý doanh nghiệp trong các lĩnh vực. Qua đây, học viên có thể trau dồi kiến thức thực tế về thị trường, học hỏi kinh nghiệm trong quản trị và mở rộng quan hệ hợp tác.\r\n\r\nChương trình đào tạo thạc sĩ tại Hutech kéo dài 18 - 24 tháng, thời gian học chủ yếu vào buổi tối và các ngày cuối tuần, học tập tại Saigon Campus (quận Bình Thạnh, TP HCM), gần trung tâm thành phố, thuận tiện cho việc di chuyển và yêu cầu công việc. Đồng thời, trường liên tục cập nhật bài giảng trực tuyến e-Learning. Nhờ đó, học viên có thể theo dõi và hoàn thiện bài vở khi bận rộn công việc.', '2023-12-22 06:52:38', 'kamvip', 0),
	('D1703234948146', 'Lính Nga dùng flycam tiếp tế cho tiền tuyến', 'Binh sĩ Nga sử dụng UAV hạng nhẹ để chuyển đạn dược và lương thực cho các chốt tiền phương, hạn chế nguy cơ Ukraine tập kích xe hậu cần. ', 'https://i.imgur.com/HEfwqP7.png', 'Bộ Quốc phòng Nga hôm nay công bố video lính đổ bộ đường không sử dụng máy bay không người lái (UAV) hạng nhẹ để vận chuyển đạn dược, lương thực, nước uống và thiết bị liên lạc cho đồng đội ở chốt tiền tuyến ở thành phố Bakhmut thuộc tỉnh Donetsk.\r\n\r\n"Phương án này được áp dụng khi các xe vận tải hậu cần có nguy cơ bị tập kích bởi pháo binh và UAV tự sát của Ukraine. Kíp vận hành UAV gắn đồ cần chuyển xuống dưới phi cơ, điều khiển nó đến mục tiêu và thả xuống các quân nhân đang chờ bên dưới", truyền hình quân đội Nga cho hay.\r\n\r\nMỗi kíp UAV có thể thực hiện hàng chục chuyến vận chuyển mỗi ngày để đáp ứng nhu cầu tiền tuyến. Các phi cơ đều được chỉnh sửa để thả lựu đạn hoặc nhu yếu phẩm, tùy thuộc nhiệm vụ.\r\n\r\nPhương tiện không người lái như UAV và xuồng tự sát trở thành những vũ khí nổi bật trong xung đột Nga - Ukraine, khi cả hai bên tham chiến đều tăng cường sử dụng chúng, tung ra các mẫu khí tài và chiến thuật mới. Ngoài chỉ thị mục tiêu, UAV cỡ nhỏ như flycam còn có các phiên bản tấn công tự sát hoặc thả lựu đạn để có thể trực tiếp công kích đối phương.\r\n\r\nGiới chuyên gia cho rằng Ukraine vẫn tụt hậu so với Nga trong sử dụng UAV trên chiến trường do thiếu người vận hành, số lượng UAV hạn chế và thiết bị kém chất lượng.\r\n\r\nBakhmut là thành phố mà Kiev để mất vào tay Moskva hồi tháng 5, sau chiến dịch vây hãm được nhận định là đẫm máu và kéo dài nhất kể từ khi xung đột bùng phát. Ước tính hàng nghìn binh sĩ mỗi bên đã thiệt mạng sau 10 tháng giao tranh tại đây, điều khiến Bakhmut có biệt danh là "cối xay thịt".\r\n\r\nQuân đội Ukraine sau đó dồn lực nhằm giành lại thành phố, nhưng chỉ tái kiểm soát được một số ngôi làng như Kleshcheevka và Andreevka hồi cuối tháng 9.', '2023-12-22 08:49:08', 'vui', 0),
	('E1703228923154', 'Kỹ thuật sốc nhiệt trong nấu ăn', 'Sốc nhiệt là bí quyết giúp món lòng lợn trắng giòn, rau xào xanh mướt, chiên đậu ngoài giòn trong mềm.', 'https://i.imgur.com/DzaELrT.png', '-Luộc lòng, dạ dày lợn (heo)\r\n\r\nLòng lợn là món ăn yêu thích của nhiều người. Tuy nhiên, việc luộc lòng không đúng cách dễ làm lòng bị dai cứng.\r\n\r\nLòng non nên chọn đoạn căng tròn, cuống bé, chất dịch trắng sữa là không đắng và ngon. Lòng mua về bóp chút muối, chanh rồi ken (tuốt) qua và rửa sạch.\r\n\r\nĐun sôi già nồi nước, thêm chút gừng đập dập cho thơm, thả lòng vào dùng đũa nhấn chìm xuống. Khi nước sôi, lòng se lại, đun 1,5 phút vớt ra, ngâm ngay vào âu nước đá sạch kèm vài lát chanh. Việc sốc nhiệt đột ngột cùng với vị chua giúp cho lòng trở nên trắng giòn. Lặp lại thao tác trên lần nữa là lòng chín và trắng giòn, thơm ngon.\r\n\r\nLuộc dạ dày cũng áp dụng kỹ thuật tương tự. Dạ dày sơ chế sạch bằng cách bóp bột mì cho hết nhớt rồi bóp chất chua (chanh, giấm hoặc mẻ, nước dưa muối). Để khử mùi, bạn cần đun sôi nồi nước, cho dạ dày vào chần sơ cùng chút mắm khử mùi, vớt xả dưới vòi nước, lộn mặt trái, dùng dao cạo và rửa sạch. Luộc dạ dày có hai kỹ thuật là phương pháp sốc nhiệt nhanh hoặc luộc chậm om kỹ rồi sốc nhiệt.\r\n\r\nVới phương pháp sốc nhiệt theo quy tắc \'\'3 sôi- 4 lạnh\'\' nhiều hàng quán áp dụng: Đun nước sôi già cho dạ dày vào ngập, khi sôi lăn tăn trở lại vớt ra ngay bát nước đá ngập pha chút nước cốt chanh. Làm ba lần liên tục như vậy.\r\n\r\nCòn cách luộc chậm thì luộc 35 - 45 phút tùy kích thước dạ dày rồi tắt bếp, đậy vung om thêm 12 - 15 phút. Sau đó, vớt ra cho vào âu nước đá kèm chanh. Món này ăn kèm rau thơm và nước mắm nguyên chất thêm chút ớt, hạt tiêu, hành tím là thích hợp nhất.', '2023-12-22 07:08:43', 'Doisong', 0),
	('E1703234436656', 'Người Thái thâu tóm thêm một \'ông lớn\' ngành bao bì', 'SCG Packaging (SCGP) của Thái Lan đã chi gần 700 tỷ đồng để mua lại 70% vốn nhà sản xuất bao bì carton in offset hàng đầu Starprint Việt Nam.', 'https://i.imgur.com/06JuxJ6.png', 'SCGP - một công ty thành viên của SCG Group (Thái Lan), vừa thông báo đã mua lại 70% vốn của Công ty cổ phần Starprint Việt Nam (SPV). Việc đầu tư được thực hiện thông qua SCGP Solutions - công ty con 100% vốn của SCGP. Tổng vốn đầu tư hơn 676 tỷ đồng, tương đương hơn 987 triệu baht. Như vậy, SPV được định giá khoảng 965 tỷ đồng.\r\n\r\nTrước đó, hồi cuối tháng 4, doanh nghiệp Thái từng cho biết đang mua lại 70% vốn của Starprint Việt Nam với giá 1,53 tỷ baht. Ban đầu, mọi thủ tục dự kiến được hoàn thành trong quý III.\r\n\r\nWichan Jitpukdee - CEO của SCGP, cho biết thương vụ trên giúp mở rộng dấu ấn của họ trong lĩnh vực bao bì tại Việt Nam, một thị trường có tiềm năng tăng trưởng cao đồng. Đồng thời, sở hữu SPV còn giúp nâng cao năng lực giải pháp đóng gói của SCGP để phục vụ cơ sở khách hàng ngày càng mở rộng tại khu vực ASEAN.\r\n\r\nKết quả kinh doanh và chỉ tiêu tài chính của SPV sẽ được hợp nhất từ tháng 1/2024 trở đi. Sau thương vụ, ngoài SCGP, Starflex - một công ty bao bì mềm nổi tiếng có trụ sở tại Thái Lan, cũng nắm giữ 25% cổ phần, số còn lại do cổ đông trước đây của công ty nắm giữ. Như vậy, tổng cộng người Thái sở hữu đến 95% tại SPV.\r\n\r\nStarprint Việt Nam hoạt động từ năm 2001. Đây là nhà sản xuất bao bì carton in offset hàng đầu tại Việt Nam, với tổng công suất 16.500 tấn in offset và 8 triệu hộp cứng mỗi năm từ hai cơ sở sản xuất đặt tại Khu công nghiệp Long Bình (Amata) ở Đồng Nai. Khách hàng của doanh nghiệp này chủ yếu là các công ty trong nước và đa quốc gia trong lĩnh vực hàng tiêu dùng nhanh và tăng trưởng cao như Unilever, Colgate, Nestle, Heineken, P&G, Walmart, Trung Nguyên...\r\n\r\nNăm 2022, SPV ghi nhận doanh thu 1.013 tỷ đồng, lợi nhuận ròng sau thuế là 92,5 tỷ đồng. Công ty có tổng tài sản khoảng 601 tỷ đồng.', '2023-12-22 08:40:36', 'vui', 0),
	('F1703214348023', 'Vì sao giá nhà không giảm như thời kỳ khủng hoảng 2008-2009?', 'Hơn một thập kỷ trước, khi địa ốc xuống dốc, giá nhà tại các đô thị lớn giảm đến 30%, song giai đoạn này, giá chỉ chững lại, thậm chí tăng ở phân khúc chung cu', 'https://i.imgur.com/KkDD2om.png', 'Hơn một thập kỷ trước, khi địa ốc xuống dốc, giá nhà tại các đô thị lớn giảm đến 30%, song giai đoạn này, giá chỉ chững lại, thậm chí tăng ở phân khúc chung cư.\r\n\r\nTrong các hội nghị gỡ khó cho thị trường bất động sản, Thủ tướng đã nhiều lần yêu cầu doanh nghiệp bất động sản cần cơ cấu lại phân khúc và giảm giá nhà. Đây cũng là kiến nghị của nhiều chuyên gia bởi như một giải pháp quan trọng để cởi trói khó khăn, kích thích thanh khoản trên thị trường hiện nay.\r\n\r\nTừ giữa năm 2022, khi thị trường có dấu hiệu lao dốc, nhiều người cũng chờ đợi các đợt điều chỉnh giá nhà xuất hiện giống thời kỳ 2008-2009. Đặc biệt, năm 2023 là thời điểm thị trường gặp khó khăn toàn diện, kỳ vọng giảm giá nhà lại càng dâng cao.\r\n\r\nTuy nhiên, theo ghi nhận của VnExpress, 12 tháng qua, giá nhà và đất giảm nhẹ một số khu vực trên thị trường thứ cấp, còn loại hình chung cư có xu hướng tăng giá tại Hà Nội và chững giá tại TP HCM. Xu hướng giảm giá 15-20% xuất hiện cục bộ tại một số dự án TP HCM do nhà đầu tư áp lực tài chính bán tháo. Dữ liệu của kênh Batdongsan mới đây cũng cho thấy trái ngược với kỳ vọng bất động sản giảm giá mạnh trong năm 2023, mặt bằng chung thị trường tăng nhẹ 6% so với đầu năm.\r\n\r\nDiễn biến này trái ngược với giai đoạn 2008-2009, thời điểm thị trường địa ốc cũng gặp khủng hoảng. Tại Hà Nội và TP HCM, hàng loạt chung cư đua khuyến mãi cuối năm nhằm thu hồi vốn. Việc giảm giá được thực hiện theo hai hình thức: giảm trực tiếp trên giá bán hoặc gián tiếp qua các gói khuyến mãi, quà tặng. Nhiều chủ đầu tư cũng gặp khó về dòng tiền, buộc phải hạ giá bán một số phân khu mới khoảng 10-15% so với phân khu trước đó để kích cầu. Hiện tượng này kéo dài đến năm 2012 khi số lượng tồn kho chung cư trên thị trường gần 13.000 căn tại Hà Nội và TP HCM, theo Bộ Xây dựng.', '2023-12-21 17:00:00', 'nan', 0),
	('F1703214491483', '10 tỷ đồng nên mua nhà phố hay chung cư?', 'Tôi phân vân với ngân sách 10 tỷ đồng khó có thể mua được căn nhà phố ưng ý trong khi chung cư khó tăng giá trị cao.', 'https://i.imgur.com/ptuuvRJ.png', 'Tôi năm nay 48 tuổi, là việt kiều làm việc tại Malaysia chuyên ngành IT. Sau nhiều năm làm việc, tôi tích cóp được số tiền 10 tỷ đồng, dự định mua một căn nhà phố tại TP HCM để định cư. Gần hai tháng nay, tôi đã đi xem hơn chục căn nhà nhưng chưa tìm được căn nào ưng ý. Tôi bất ngờ với giá bất động sản hiện này vì căn nhà bạn tôi mua cách đây 6 năm có giá 5 tỷ đồng. Trong khi những căn xung quanh hiện nay giá đã vượt 10 tỷ đồng dù diện tích rất nhỏ. Những căn tôi ưng ý giá từ 15 tỷ đồng trở lên.\r\n\r\nNgười nhà khuyên tôi chuyển sang căn hộ sẽ có nhiều lựa chọn hơn. Tuy nhiên tôi đắn đo mãi vì căn hộ không thể ổn định lâu dài và tăng giá trị như nhà phố. Mong độc giả cho tôi lời khuyên!', '2023-12-21 17:00:00', 'nan', 0),
	('F1703238264027', '48 giờ ở Lạng Sơn', 'Di chuyển từ Hà Nội đến Lạng Sơn hiện chỉ còn khoảng 2,5 tiếng, thích hợp cho các chuyến đi cuối tuần hoặc ngắn ngày vào dịp lễ Tết.', 'https://i.imgur.com/LjEFdbu.png', 'Ngày 1\r\n\r\nBuổi sáng\r\n\r\nĂn sáng với phở chua, một món ăn đặc trưng xứ Lạng. Tuy gọi là phở nhưng hình thức và cách chế biến của món này không giống phở truyền thống. Điểm khác biệt chính ở nước sốt chua ngọt mát thay vì nước dùng nóng và cách ăn trộn như gỏi nộm. Một số địa chỉ có món ăn này ở trung tâm thành phố: Phương Thảo (đường Hoàng Văn Thụ), Lan Hồng (đường Lương Văn Chi) và các hàng phở ở đường Lê Lai, Bắc Sơn.\r\n\r\nSau đó, tham quan các điểm nhất định phải đến ở Lạng Sơn như động Tam Thanh, núi Tô Thị, thành nhà Mạc, đều nằm ở ngay trung tâm thành phố. "Các điểm đến này gần nhau nên du khách có thể đi hết trong một buổi", anh Hùng cho hay.\r\n\r\nChùa và động Tam Thanh nằm trong quần thể di tích danh thắng và di tích lịch sử của xứ Lạng. Hang động Tam Thanh có những lớp thạch nhũ với hình thù đa dạng. Trong động có chùa Tam Thanh (chùa Thanh Thiền), ngôi chùa là nơi thờ tự của Đạo Giáo, thờ Tam Thanh (Ngọc Thanh, Thượng Thanh, Thái Thanh) nên có tên gọi là chùa Tam Thanh.\r\n\r\n"Nếu du khách đến đây vào dịp lễ Tết, lưu ý sẽ khá đông đúc vì mỗi dịp này chùa đều đó một lượng lớn khách về vãn cảnh và cầu may", anh Hùng nói thêm.\r\n\r\nCùng trong khu vực thuộc phường Tam Thanh này còn có núi Tô Thị, trên đỉnh có tảng đá tự nhiên giống hình người phụ nữ bồng con nhìn về phương xa. Ngọn núi liên quan đến truyền thuyết đá Vọng Phu. Thành nhà Mạc cũng gần đây, được xếp hạng di tích lịch sử quốc gia. Dấu tích của thành hiện nay còn lại gồm hai đoạn tường dài 300 m, mặt thành rộng khoảng 1 m. Từ chân núi dẫn lên cổng thành có hơn 100 bậc.\r\n\r\nNgoài phở vịt quay, Lạng Sơn còn nhiều món ăn đặc trưng du khách nên thưởng thức trong bữa trưa như ốc đá, bánh cuốn trứng, khâu nhục. Các món này đều có ở nhiều nơi trong thành phố. Bạn cũng có thể ghé vào một hàng bất kỳ trên đường đi hoặc hỏi lễ tân khách sạn.\r\n\r\nBuổi chiều\r\n\r\nĐến thảo nguyên Đồng Lâm thuộc xã Hữu Liên, huyện Hữu Lũng, cách thành phố Lạng Sơn khoảng 25 km. Đây là điểm đến cho những du khách thích chụp ảnh và bắt đầu nổi tiếng khoảng 5 năm trước đây.\r\n\r\n', '2023-12-22 09:44:24', 'buon', 0),
	('G1703213902718', 'Thanh khoản chứng khoán thấp nhất gần hai tháng', 'Thanh khoản trên sàn HoSE hôm nay giảm về 11.290 tỷ đồng, thấp nhất gần hai tháng, khi thiếu thông tin hỗ trợ khiến nhà đầu tư chọn đứng ngoài quan sát.', 'https://i.imgur.com/LBc3sRY.png', 'Từ sáng, các lệnh mua - bán trên thị trường xuất hiện nhỏ giọt. Đồ thị thanh khoản trên sàn HoSE dàn đều qua các khung giờ khi dòng tiền thận trọng và nặng tính thăm dò. Tổng giá trị giao dịch cả ngày đạt hơn 11.290 tỷ đồng, giảm khoảng 1.985 tỷ đồng so với hôm qua. Đây là mức thấp nhất kể từ phiên 30/10, tức gần hai tháng qua.\r\n\r\nDòng tiền chỉ tập trung vào các cổ phiếu riêng lẻ. Nổi bật có DBC đạt thanh khoản cao nhất thị trường, hơn 422 tỷ đồng. Nhờ lực cầu tốt, mã này chốt phiên tăng 2,9%. Các cổ phiếu giao dịch sôi động hơn hẳn mặt bằng chung còn có HPG, DIG, HAG, NKG, MWG.\r\n\r\nNhà đầu tư nước ngoài hôm nay cũng giao dịch kém sôi động. So với phiên trước, giá trị mua vào của họ giảm 71% và bán ra giảm khoảng 59%. Nhóm này tiếp tục bán ròng với hơn 580 tỷ đồng.\r\n\r\nThiếu thông tin hỗ trợ trong nước khiến nhà đầu tư chọn đứng ngoài quan sát, thận trọng trước khi xuống tiền cho giai đoạn cuối năm. Ngoài ra theo Chứng khoán Vietcombank (VCBS), phiên sụt giảm khá mạnh đêm qua của chỉ số Dow Jones (Mỹ) cũng ảnh hưởng đến tâm lý tham gia thị trường.', '2023-12-21 17:00:00', 'nao', 0),
	('G1703231721732', '5 nước đầu tư căn hộ cho thuê hấp dẫn nhất 2024', 'Có 2 quốc gia châu Âu và 3 nước Vùng Vịnh được đánh giá là nơi đầu tư tốt nhất năm sau ở phân khúc căn hộ cho thuê. ', 'https://i.imgur.com/MUFzE05.png', 'Theo chỉ số "Housearch investment Index" của nền tảng dịch vụ bất động sản Housearch trụ sở tại Dubai (UAE), 5 quốc gia đầu tư bất động sản tốt nhất 2024 theo thứ tự là Ireland, Cyprus, Oman, Qatar và UAE.\r\n\r\nChỉ số này xếp hạng dựa trên điểm số tổng hợp của 4 tiêu chí cho từng thị trường, bao gồm lợi nhuận khi đầu tư cho thuê, chính trị xã hội ổn định, quyền sở hữu bất động sản và tốc độ tăng trưởng kinh tế của quốc gia. Trong đó, lợi nhuận đầu tư cho thuê được đánh giá dựa trên giá trị trung bình của căn hộ một phòng ngủ so với giá cho thuê trung bình hàng tháng của nó.\r\n\r\nTrong bảng xếp hạng, Ireland có điểm số vượt trội so với các nước khác ở cả 3 hạng mục gồm lợi nhuận cho thuê, GDP và quyền sở hữu tài sản. Nền kinh tế này tăng trưởng mạnh mẽ 9,4% vào 2022, theo Văn phòng Thống kê Quốc gia Ireland. Năm nay, do tình hình châu Âu bất lợi chung, GDP dự báo giảm 0,9%.\r\n\r\nTuy nhiên, hiệu quả cho thuê nhà tại đây vẫn tốt. Báo cáo giá thuê quý II của nền tảng bất động sản Daft của Ireland cho biết "Chỉ số giá thuê nhà" (Rent Index) tăng mạnh 10,7% so với cùng kỳ 2022, với giá thuê trung bình hàng tháng của một bất động sản trên toàn quốc là 1.884 USD. Đây là quý thứ 10 liên tiếp chỉ số tăng.\r\n\r\nỞ vị trí thứ hai, Cyprus được Ủy ban châu Âu (EC) dự báo tăng trưởng GDP 2023 đạt 2,2%. Đầu tư vào xây dựng khu dân cư và thương mại đang được hỗ trợ bởi chương trình trợ cấp lãi suất của chính phủ và dòng vốn mạnh mẽ của các công ty nước ngoài. Trong khi, du lịch đã phục hồi hoàn toàn sau đại dịch.\r\n\r\nTheo tổ chức chuyên nghiệp lĩnh vực bất động sản RICS (Anh), lợi nhuận gộp cho thuê căn hộ trung bình ở Cyprus đạt 5,53% trong quý III/2023, tăng từ 5,11% của cùng kỳ 2022. Trên khắp đảo quốc, giá thuê căn hộ hàng tháng đã tăng 18,57% trong quý III/2023 so với quý III/2022.\r\n\r\nBa vị trí còn lại trong top 5 thuộc về Oman, Qatar và UAE. Theo đánh giá của tạp chí Arabian Business, Vùng Vịnh nổi lên như một điểm đầu tư ổn định và đáng tin cậy, đặc biệt là trong bối cảnh thị trường bất động sản ở châu Âu và Bắc Mỹ giảm nhiệt do kỳ vọng về lãi suất cao hơn trong thời gian dài.\r\n\r\nMark Wilson, Trưởng nhóm Nghiên cứu tại Housearch, cho biết hiệu suất tích cực của Oman và Qatar trong Chỉ số phản ánh lòng tin tăng lên của các nhà đầu tư đối với Vùng Vịnh nói chung. "Với lợi nhuận gộp cho thuê từ 6% ở Qatar đến 10% tại một số khu vực của Dubai, những thị trường này mang lại cơ hội lớn cho những người đang tìm kiếm nguồn thu ổn định trong tình hình kinh tế hiện tại", ông nhận xét.\r\n\r\nUAE, đặc biệt là Dubai, từ lâu đã là nơi thu hút vốn đầu tư bất động sản nước ngoài với các dự án bất động sản hạng sang và chế độ ưu đãi thuế. Sau Brexit, bất động sản London bớt hấp dẫn, cộng với xuất hiện gần đây của doanh nhân và các startup công nghệ và người nước ngoài thu nhập tốt - bao gồm nhà giàu Nga, đã thêm sức sống vào thị trường nhà ở Dubai.', '2023-12-22 07:55:21', 'Duhocsinh', 0),
	('G1703239325016', 'Các tour du lịch Trung Quốc không cần hộ chiếu', 'Chỉ cần giấy thông hành, khách Việt có thể ghé thăm các điểm du lịch nổi tiếng tại tỉnh Vân Nam như Hà Khẩu, Bình Biên, Mông Tự, Kiến Thủy, Di Lặc.\r\n\r\nDưới đây là các tour nổi tiếng, hút khách Việt tại Trung Quốc không cần hộ chiếu khi ghé thăm, theo gợi ý của Lưu Ngọc Lăng, hướng dẫn viên người Việt chuyên dẫn tour Trung Quốc.\r\n\r\nTheo Lăng, có ba cách để nhập cảnh Trung Quốc từ Việt Nam gồm xin visa đoàn, visa giấy tại đại sứ quán, giấy thông hành. Các điểm đến dưới đây nằm ở biên giới hai nước nên khách chỉ cần giấy thông hành là có thể thông quan dễ dàng.', 'https://i.imgur.com/nKsSgAQ.png', 'ào Cai - Hà Khẩu - Bình Biên - Di Lặc - Kiến Thủy - Mông Tự\r\n\r\nHành trình: Từ Hà Nội, du khách đi tàu đến ga Lào Cai rồi làm thủ tục, xin giấy thông hành sang Hà Khẩu, Trung Quốc. Từ đây, khách tiếp tục tham quan các thắng cảnh ở Bình Biên, Mông Tự, Kiến Thủy, Di Lạc.\r\n\r\nHà Khẩu: ga tàu Hà Khẩu là một trong những điểm check in được khách Việt yêu thích. Ngoài ra, du khách có thể ghé thăm Công viên ánh sáng cách cửa khẩu gần 3 km hay công viên rừng cây nằm cạnh đó.\r\n\r\nBình Biên: Làng Miêu Tích Thủy rộng 1,4 km 2. Ngôi làng thu hút du khách bởi hàng trăm ngôi nhà truyền thống làm từ gỗ của người Miêu. Nơi đây còn được ví như "một trong 100 thành phố du lịch thơ mộng nhất Trung Quốc".\r\n\r\nDi Lặc: Chùa cổ Di Lặc nằm trên núi Cẩm Bính, cách thị trấn Di Lặc hơn 10 km và được xây dựng từ triều nhà Thanh. Đường lên núi gồm 1.999 bậc thang. Tượng Đại Phật Di Lặc trong chùa được biết đến là một trong những tượng Phật ngồi lớn nhất thế giới, cao 19,99 m.\r\n\r\nĐông Phong Vận: là khu phức hợp du lịch được ví như "miền nam nước Pháp" với những cánh đồng hoa bạt ngàn và nhiều công trình kiến trúc độc đáo làm từ gạch và gốm đỏ.\r\n\r\nKiến Thủy: Phố cổ Kiến Thủy nằm tại khu tự trị châu Hồng Hà, tỉnh Vân Nam, được xây dựng từ thời nhà Đường với lịch sử hơn 1.200 năm. Khu phố nổi tiếng với hơn 50 tòa nhà được bảo tồn nguyên vẹn, những con hẻm cũ kỹ và cuộc sống người dân địa phương vẫn gắn bó với lối sống truyền thống. Một số điểm nhấn chính không nên bỏ lỡ ở nơi này là tháp Triều Dương và Thanh Nguyên, Chu gia hoa viên, giếng cổ Daban nằm ở phía cổng Tây và đi chợ đêm.\r\n\r\nMông Tự: Mông Tự nổi tiếng với những đặc sản trái cây như lựu, đào. Một trong những điểm đến thu hút khách Việt là vườn lựu Vạn Mẫu và Lầu Chu Tử nằm trong vườn.\r\n\r\nĐến Mông Tự, du khách nên thưởng thức món bún qua cầu nổi tiếng. Chuyện xưa kể rằng ngoài thành Mông Tự có một hồ nước đẹp. Giữa hồ nổi lên một hòn đảo nhỏ yên tĩnh, nối với bờ bằng cây cầu gỗ là nơi sĩ tử học hành, chuẩn bị cho các kỳ thi. Trong số đó có một thư sinh siêng năng, ngày ngày vợ anh đều qua cầu, mang cho chồng một tô bún ăn trưa. Người chồng mải dùi mài kinh sử đến quên ăn, nên bún bị nguội và trương lên, ăn mất ngon. Thấy chồng ngày một xanh xao, người vợ nảy ra cách xếp riêng nước dùng, thịt cá, rau xắt mỏng và bún. Nhờ vậy, chồng cô có thể múc đồ ăn vào tô nước dùng bất kỳ lúc nào. Riêng tô nước dùng được thêm một lớp váng mỡ lên trên nhằm giữ nóng lâu hơn, đủ để nhúng bún cùng những nguyên liệu khác.\r\n\r\nLăng cho biết đây là một trong những tour đường bộ sang Trung Quốc "hot" nhất hiện nay. Từ đầu năm, Lăng đã dẫn khách đi tour này trên dưới 30 lần, mỗi đoàn khách từ 20 người.\r\n\r\nMóng Cái - Đông Hưng\r\n\r\nHành trình: Du khách đến cửa khẩu Quốc tế Móng Cái, tỉnh Quảng Ninh, để làm thủ tục xuất cảnh sang thị xã Đông Hưng, Trung Quốc.\r\n\r\nCác điểm tham quan gồm: cầu hữu nghị Bắc Luân nối hai nước trên sông Kalong, tòa thị chính Đông Hưng, khu chế dược Đức Nhân Đường và Khu đô thị Vịnh Bắc bộ - Phố Tây và chùa Quan Âm.\r\n\r\nTòa thị chính Đông Hưng là nơi tập trung các cơ quan hành chính của thành phố, có quảng trường rộng để khách có thể chụp ảnh lưu niệm. Khu chế dược Đức Nhân Đường là nơi du khách được nghe giới thiệu về nền y học cũng như các dược phẩm đặc hiệu của Trung Quốc.\r\n\r\nThời gian tour này thường kéo dài 2 ngày 1 đêm, hoặc 3 ngày 2 đêm dành cho khách Việt muốn ghé thăm bãi biển Trà Cổ.\r\n\r\nLạng Sơn - Bằng Tường\r\n\r\nBằng Tường nằm ở tỉnh Quảng Tây, giáp biên giới Lạng Sơn, là nơi hầu hết khách Việt khi đến Lạng Sơn đều ghé thăm. Du khách dùng giấy thông hành để xuất nhập cảnh, chi phí từ 200.000 đồng, có hiệu lực trong ngày gồm sáng đi tối về. Các điều khoản và điều kiện trên giấy thông hành được thay đổi để phù hợp thực tế theo từng thời điểm. Do đó du khách cần kiểm tra các quy định trước khi đi.\r\n\r\nKhi đến khu vực cửa khẩu quốc tế Hữu Nghị, du khách sẽ thấy cột mốc Km 0 là nơi phân chia ranh giới Việt Nam - Trung Quốc, là nơi bắt đầu của quốc lộ 1A nối liền đến tận mũi Cà Mau. Cổng Hữu Nghị Quan mang phong cách kiến trúc Pháp, là nơi trước đây người Pháp sử dụng làm cơ quan kiểm soát việc đi lại của công dân giữa hai nước. Ngày nay nơi này là điểm được du khách Việt check in nhiều nhất khi đến Bằng Tường.', '2023-12-22 10:02:05', 'buon', 0),
	('H1703228789114', 'Mẹo giúp trẻ không ganh đua với anh chị em', 'Sự ganh đua giữa anh chị em là điều thường xảy ra nhưng nhiều cha mẹ không biết đôi khi những hành động của mình vô tình thúc đẩy tính ganh đua giữa các con. ', 'https://i.imgur.com/Kv4m4m1.png', 'Tránh thúc đẩy sự cạnh tranh giữa anh chị em\r\n\r\nViệc biến những nhiệm vụ nhỏ nhất thành một cuộc cạnh tranh giữa những đứa trẻ, ví dụ đố xem ai có thể tìm được điều khiển TV nhanh nhất cho mẹ, hoặc bắt chúng chạy đua để hoàn thành công việc, khiến trẻ lao vào giành vị trí chiến thắng, cố chứng tỏ mình là đứa trẻ ngoan hơn.\r\n\r\nTương tự như vậy, việc trừng phạt trẻ trước mặt trẻ khác cũng là điều không nên, vì điều đó gián tiếp làm xấu hổ con trước mặt anh chị em của chúng, khiến chúng có tâm lý ganh ghét, đua tranh.\r\n\r\nTránh so sánh\r\n\r\nNgay cả khi bạn đối xử công bằng và bình đẳng với tất cả các con, việc so sánh với nhau một cách vô thức có thể tạo ra sự cạnh tranh không lành mạnh, làm giảm ý thức về bản sắc cá nhân, thúc đẩy sự ganh đua giữa anh chị em.\r\n\r\nVí dụ, trong một gia đình có cặp sinh đôi, việc so sánh cả hai về chiều cao, cân nặng, giai đoạn phát triển, ai nói nhiều hơn, ai "dễ thương hơn" thường diễn ra. Việc gán cho con các cụm từ như "xinh xắn nhất nhà", "học giỏi nhất nhà" cũng vô tình dẫn đến sự ganh đua thầm lặng, sự ghen tị.\r\n\r\nKiên nhẫn lắng nghe cả hai bên\r\n\r\nĐa số các cha mẹ sẽ tức giận khi nghe con liên tục tranh cãi về những điều nhỏ nhặt. Tuy nhiên, điều rất quan trọng là phải lắng nghe cả hai bên và để chúng giải thích quan điểm của mình. Cha mẹ nên kiên nhẫn lắng nghe từng câu nói của trẻ mà không ngắt lời hay phán xét.\r\n\r\nTrên thực tế, trẻ sẽ giảm tức giận, bất an sau khi được cho không gian và thời gian để giải thích lý do. Sau khi cả hai đã nói chuyện, việc khuyến khích chúng cố gắng lắng nghe quan điểm của đối phương cũng góp phần giúp mọi căng thẳng, hiềm khích lắng xuống.\r\n\r\nĐể trẻ cùng nhau giải quyết vấn đề\r\n\r\nKhi được tự mình giải quyết vấn đề, các anh chị em có xu hướng xử lý theo cách riêng của chúng và cùng nhau đưa ra giải pháp. Thực tế, học cách tự mình giải quyết xung đột và bình tĩnh là một trong những kỹ năng quan trọng nhất mà cha mẹ có thể thấm nhuần cho con. Khi trẻ lớn dần lên, chúng trở nên thân thiết hơn, chúng học cách giải quyết những xung đột nhỏ bằng cách tự mình nói ra mà không cần ai can thiệp hay giải cứu.\r\n\r\nCho trẻ hiểu rằng chúng được yêu thương như nhau\r\n\r\nVới cha mẹ, cân bằng giữa công việc và thời gian dành cho gia đình là nhiệm vụ khó. Tuy nhiên, điều quan trọng là dành thời gian riêng cho mỗi đứa trẻ, cũng như tạo ra những khoảnh khắc đặc biệt của gia đình để cùng nhau tạo nên những kỷ niệm tích cực, cho trẻ thấy chúng được cả bố và mẹ yêu thương như nhau. Điều này cũng giúp trẻ gắn kết tốt hơn và mang chúng đến gần nhau hơn, khiến trẻ nhận ra mình có đồng minh chứ không chỉ là người thường xuyên chọc tức chúng.\r\n\r\nNgoài ra, đừng quên rằng cha mẹ luôn là tấm gương tốt cho trẻ. Nên cho trẻ thấy mối quan hệ thân thiết giữa bạn và anh chị em ruột thịt, để chúng thấy giá trị của tình thân trong gia đình.', '2023-12-22 07:06:29', 'Doisong', 0),
	('H1703231237295', '5 sai lầm khiến món cá kho kém ngon\r\n', 'Cá kho là món ăn giàu dinh dưỡng nhưng nếu mắc những sai lầm dưới đây sẽ khiến món ăn kém hấp dẫn.', 'https://i.imgur.com/KLeFIGk.png', '-Tẩm ướp gia vị\r\n\r\nVì thời gian eo hẹp nên không ít người rút ngắn thời gian ướp khiến cho miếng cá kho nhạt vị, không săn chắc. Xét dưới góc độ khoa học ẩm thực, các món kho nên ướp mắm muối tối thiểu trước 2-3 giờ cho thấm vị. Bởi quy tắc \'\'muối tách, đường giữ\'\', muối giúp loại nước trong cá nên thớ thịt cá trở nên cứng, khi kho không bị nát vỡ.\r\n\r\n-Thêm nước lạnh khi kho\r\n\r\nMột lỗi khác thường gặp là khi nồi nước kho gần cạn, một số người thêm nước lạnh vào. Điều này khiến nồi cá kho dù ướp nhiều loại gia vị nhưng khi ăn vẫn thoảng mùi tanh. Nguyên nhân là trong da cá chứa một chất có gốc amin (NH) gây tanh điển hình là trimelylamin NH(CH3). Nếu đang nóng mà thêm nước lạnh vào thì da cá lại co lại làm chất này tan ra gây tanh.\r\n\r\n-Kho cá lửa to, đậy vung\r\n\r\nMuốn nhanh chín nhanh ăn một số người thường bật lửa to và cho rằng đậy vung giữ nhiệt lớn để cho cá mềm. Nhưng cách này lại vô tình làm cho món cá khô bở nát, không thấm vị.', '2023-12-22 07:47:17', 'ngan', 0),
	('H1703239194737', 'Cẩm nang Phố đi bộ Hồ Gươm', 'HÀ NỘI-Phố đi bộ hồ Gươm mở cuối tuần là một địa điểm vui chơi không thể bỏ qua cho cả du khách và người dân thủ đô.', 'https://i.imgur.com/L37JLmx.png', 'Tuyến phố đi bộ hồ Hoàn Kiếm vòng quanh hồ, qua Tràng Tiền, Đinh Lễ, Hồ Hoàn Kiếm. Phố đi bộ kết hợp chợ đêm và khu ẩm thực mở thêm ở các tuyến phố cổ lân cận như Hàng Đường, Hàng Ngang, Hàng Đào, Hàng Buồm, Mã Mây, Lương Ngọc Quyến, Đào Duy Từ, Tạ Hiện, Hàng Giấy, với điểm kết tại ngõ chợ Đồng Xuân. Cuối năm 2020, Hà Nội mở rộng không gian đi bộ phía nam khu phố cổ kết nối phía bắc hồ Hoàn Kiếm, gồm các phố Đinh Liệt, Gia Ngư, Cầu Gỗ, Hàng Bè, Hàng Dầu, Hàng Bạc, Đào Duy Từ, Ô Quan Chưởng, ngõ Cầu Gỗ, ngõ Trung Yên và ngõ Phất Lộc.\r\n\r\nTheo thống kê của Ban Quản lý hồ Hoàn Kiếm và Phố cổ Hà Nội, sau 7 năm hoạt động, không gian đi bộ hồ Hoàn Kiếm và vùng phụ cận đã trở thành "thương hiệu" của Hà Nội, là điểm đến của du khách trong và ngoài nước. Trung bình mỗi ngày cuối tuần, khu phố đi bộ đón 25.000-35.000 khách, dịp lễ Tết tăng lên 40.000 - 50.0000 người.\r\n\r\nDi chuyển\r\n\r\nPhố đi bộ quanh hồ Hoàn Kiếm nằm ở trung tâm nên đi lại thuận tiện. Nếu lần đầu đến đây, du khách có thể chọn di chuyển bằng taxi, xe công nghệ (ôtô hoặc xe máy).\r\n\r\nNếu tự di chuyển bằng xe máy hay xe đạp, có thể gửi ở các bãi xe xung quanh hồ, các tuyến đường như Hàng Trống, Bảo Khánh, Lương Văn Can, Lý Thái Tổ, Ngô Quyền, Hàng Trống... Một số bãi trông ôtô gồm khu vực Bảo tàng Lịch sử - Phạm Ngũ Lão (gần Nhà hát lớn), Trần Nhật Duật, dọc tuyến phố Lê Phụng Hiểu, các tuyến phố Lý Thường Kiệt, Trần Hưng Đạo, Hai Bà Trưng...\r\n\r\nCác tuyến xe buýt tới hồ Hoàn Kiếm gồm: 08, 09, 14, 31, 36, 86.\r\n\r\nHoạt động vui chơi và tham quan\r\n\r\nCác điểm di tích lịch sử\r\n\r\nĐền Ngọc Sơn - cầu Thê Húc, vườn hoa tượng đài Lý Thái Tổ, tượng đài Cảm tử cho Tổ quốc quyết sinh, đền Bà Kiệu (đối diện đền Ngọc Sơn), tượng Vua Lê... là các di tích lịch sử nổi tiếng nằm ven hồ Gươm. Ngoại trừ đền Ngọc Sơn - cầu Thê Húc, các địa điểm khác đều có thể tham quan không cần mua vé.\r\n\r\nCác tiết mục nghệ thuật đường phố', '2023-12-22 09:59:54', 'buon', 0),
	('I1702733943744', '35% lao động chọn thôi việc nếu khó cân bằng công việc và cuộc sống', 'Cân bằng công việc và cuộc sống, sếp quản lý trực tiếp là hai trong năm yếu tố tác động nhiều đến quyết định thôi việc của lao động, theo khảo sát của Navigos.', 'https://i.imgur.com/gpIKGAa.png', 'Cân bằng công việc và cuộc sống, sếp quản lý trực tiếp là hai trong năm yếu tố tác động nhiều đến quyết định thôi việc của lao động, theo khảo sát của Navigos.\r\n\r\nBáo cáo Lương và thị trường lao động năm 2024 do Navigos Search khảo sát trong quý III/2023 từ 550 doanh nghiệp cùng hơn 4.000 ứng viên làm việc ở nhiều ngành nghề tại Hải Phòng, Hà Nội, Đà Nẵng, Bình Dương, Đồng Nai, TP HCM.\r\n\r\nTrong quý III, làn sóng mất việc, giảm giờ làm có xu hướng giảm nhiệt song vẫn chịu tác động tiêu cực do tổng cầu thế giới sụt giảm. Hầu hết doanh nghiệp tham gia khảo sát cho biết chịu ảnh hưởng và biện pháp ứng phó được lựa chọn nhiều nhất là cắt giảm nhân sự, tiếp đến là ngưng tuyển dụng mới, tăng cường đào tạo chuyên môn lẫn kỹ năng mềm, điều chuyển nhân sự và cắt giảm giờ làm.\r\n\r\n44,4% người lao động được khảo sát cho biết mức lương đã tăng; 44% trả lời lương không đổi, 11,5% bị giảm sút. Phần lớn vẫn nhận được đầy đủ phúc lợi theo quy định và 10% bị giảm sút khoản này. Kinh tế khó khăn trong khi vật giá leo thang, người lao động kỳ vọng doanh nghiệp trả lương đúng hạn, tăng lương cao hơn mức lạm phát và đảm bảo việc làm.\r\nNhững yếu tố tác động đến quyết định nghỉ việc và xu hướng làm việc được người lao động quan tâm trong năm 2023 kéo dài đến năm 2024. Nguồn: Navigos Search\r\n\r\nĐể ứng phó làn sóng này, gần 62% lao động tự nâng cao kỹ năng mềm nhằm tăng tính cạnh tranh của bản thân; 54% chủ động tìm kiếm cơ hội việc làm ngay cả khi chưa có nhu cầu; 51% chọn quản lý tài chính cá nhân hiệu quả. Ngoài ra, nhóm giải pháp mà lao động ưu tiên còn có xây dựng kỹ năng mềm, mối quan hệ và chú ý hơn tới sức khỏe tinh thần. Trong một năm tới, hầu hết người lao động không có ý định chuyển việc sang nhóm ngành khác do thị trường còn biến động khó lường.\r\n\r\nNăm yếu tố tác động mạnh mẽ tới quyết định từ bỏ công việc hiện tại của người lao động nếu không được đáp ứng là lương, văn hóa công ty, cơ hội thăng tiến, cân bằng công việc và cuộc sống, sếp quản lý trực tiếp. Trong số này, lương dẫn đầu với 70%; văn hóa công ty gần 36%; cơ hội thăng tiến trong công việc 35,5%; cân bằng công việc và cuộc sống 35,4% và sếp quản lý trực tiếp chiếm 35%.\r\n\r\n"Kết quả cho thấy người lao động ngày càng đề cao những giá trị liên quan sức khỏe tinh thần. Chính điều này tạo động lực cho họ từ bỏ công việc hiện tại và tìm kiếm cơ hội phù hợp hơn", báo cáo nhận định.\r\n\r\nNăm 2024, sức khỏe tinh thần sẽ càng được người lao động chú trọng dù có thể vẫn phải ngụp lặn trong làn sóng cắt giảm việc làm. Cụ thể, 49% ứng viên được khảo sát kỳ vọng làm việc linh hoạt - xu hướng ứng dụng nhiều hơn ở Việt Nam và thế giới sau đại dịch; 44% ưu tiên sự cân bằng giữa cuộc sống và công việc.\r\n\r\nGiá trị cộng đồng mà công việc đem lại hay ứng dụng công nghệ là những yếu tố ít tác động nhất tới ứng viên. Nếu phải tìm việc mới, người lao động quan tâm nhất vẫn là lương, tiếp theo là văn hóa công ty, cơ hội thăng tiến, cơ chế thưởng.\r\nNăm 2024, để ứng phó làn sóng cắt giảm nhân sự có thể tiếp diễn và tăng tính cạnh tranh cho bản thân, lao động sẽ tập trung phát triển ngoại ngữ và tư duy phân tích (55%), tư duy sáng tạo (48%); kỹ năng giải quyết vấn đề (42%) và 39,5% chọn giao tiếp hiệu quả. Những yếu tố này sẽ giúp người lao động thích ứng tốt hơn với biến động hay thách thức có thể xảy đến, theo Navigos Search.\r\n\r\nKết quả khảo sát cũng khá tương đồng những yếu tố mà doanh nghiệp ưu tiên khi tuyển dụng lao động, gồm ngoại ngữ, giao tiếp hiệu quả và giải quyết vấn đề.\r\n\r\nĐơn vị này nhìn nhận thị trường lao động đang hồi phục, nhưng chưa thực sự bền vững. Doanh nghiệp vì thế cần nắm bắt tâm lý lao động, xây dựng kế hoạch thu hút, tuyển dụng và giữ chân nhân tài hiệu quả; xây dựng cơ chế lương, thưởng minh bạch, hấp dẫn, chú trọng lương như yếu tố hàng đầu thu hút ứng viên khi tuyển dụng. Doanh nghiệp cũng cần xây dựng văn hóa nơi làm việc phù hợp giá trị cốt lõi đang hướng đến.\r\n\r\nĐể giữ chân người tài, doanh nghiệp ngoài chính sách lương thưởng cần có lộ trình thăng tiến rõ ràng cho mỗi nhân viên, nhìn nhận và đánh giá năng lực của họ thường xuyên dựa vào hiệu suất công việc. Đồng thời, cần chú trọng nhiều hơn đến chăm sóc sức khỏe tinh thần cho người lao động, áp dụng chính sách linh động về giờ làm, làm việc từ xa nếu phù hợp công việc, tổ chức các hoạt động gắn kết bộ phận nhân viên và quản lý.', '2023-12-15 17:00:00', 'hao', 0),
	('I1703234158437', 'Ra mắt công viên nghĩa trang sinh thái tại Tuyên Quang', 'TUYÊN QUANG-Công viên Nghĩa trang Thiên Đường tọa lạc tại xã Lang Quán, huyện Yên Sơn sẵn sàng vận hành. ', 'https://i.imgur.com/UaIhhbp.png', 'Công viên Nghĩa trang Thiên Đường quy mô diện tích 24,5 ha do Công ty cổ phần Đầu tư Xây dựng và Thương mại An Phát Vinh làm chủ đầu tư.\r\n\r\nDự án được cấp giấy chứng nhận đầu tư và phê duyệt quy hoạch xây dựng tại xã Lang Quán, huyện Yên Sơn, nơi được bao bọc bởi vành đai đền, chùa có lịch sử lâu đời.\r\n\r\nCông viên Nghĩa trang Thiên Đường nằm trên dải đất có mạch chạy theo hướng Tây Bắc - Đông Nam, thế đất mang dáng hình Linh Quy, lưng tựa núi Là, mặt hướng suối ngọc, hệ thống hồ nước bao quanh.\r\n\r\nDự án có lợi thế vị trí giao thông thuận lợi khi cách nút giao tuyến đường cao tốc Tuyên Quang - Hà Giang khoảng 400m, thuận tiện di chuyển về thành phố Tuyên Quang. Cuối tháng 12, tuyến cao tốc Phú Thọ - Tuyên Quang hoàn thiện sẽ rút ngắn quá trình di chuyển từ Công viên Nghĩa trang Thiên Đường đi Hà Nội và các tỉnh thành lân cận.\r\n\r\nTheo chủ đầu tư, dự án đáp ứng xu thế của khách hàng hiện nay về nghĩa trang dịch vụ cao cấp, được chính quyền địa phương quy hoạch, đảm bảo yếu tố chắc chắn về pháp lý và không bị xáo trộn theo thời gian. Hơn 90% diện tích dự án dành cho cảnh quan cây xanh, hệ thống công trình tâm linh như đền. trình, chùa, quần thể đại tượng Phật, các hạng mục cây xanh, hồ nước, tiện ích...\r\n\r\nDự án tọa lạc trên 6 quả đồi, tuân theo quy luật ngũ hành: Kim - Mộc - Thủy - Hỏa - Thổ với cảnh quan được thiết kế theo phong cách kiến trúc Á Đông, hài hòa cùng thiên nhiên. Tại các đỉnh đồi chủ đầu tư bố trí 6 đại tượng Phật cao 20-25m. Tại đây, không gian kiến trúc nổi bật với thảm cỏ xanh dài, những hàng hoa lê trắng kết hợp với khuôn viên mộ phần chỉn chu.\r\n\r\nTheo đại diện chủ đầu tư, Công viên Nghĩa trang Thiên Đường được đầu tư cơ sở hạ tầng đồng bộ từ đầu, tránh hiện tượng đào xới bất tiện trong quá trình vận hành. Hệ thống Thiên Đường được áp dụng công nghệ, máy móc tiên tiến vào việc quản lý và thi công xây dựng và cung cấp dịch vụ vận hành.\r\n\r\nNgoài ra, công trình bố trí đủ tiện ích như: bãi đỗ xe và xe điện miễn phí, nhà hàng đặt cỗ chay hoặc mặn theo nhu cầu, quầy hàng bán đồ vàng mã, hương hoa cho khách, chòi nghỉ chân và khu vui chơi trẻ em...\r\n\r\nKhu gia đình, gia tộc tại đây có diện tích 20 m2 trở lên, với thiết kế cảnh quan đặc cấp. Bên cạnh đó, công viên còn cung cấp đa dạng khuôn viên phần mộ đơn, phần mộ đôi để đáp ứng đa dạng nhu cầu của khách hàng.\r\n\r\nKiến trúc khuôn viên mộ phần tại dự án được chủ đầu tư nghiên cứu từ các tài liệu nghiên cứu phong thủy và nền văn hóa Á Đông, khảo sát thực tế tại Trung Quốc, Hong Kong, Đài Loan, Malaysia... Mỗi loại vật liệu hoàn thiện cũng được lựa chọn tỉ mỉ đảm bảo tính thẩm mỹ và độ bền cao.', '2023-12-22 08:35:58', 'vui', 0),
	('K1703234635618', 'Cấm ngân hàng bán bảo hiểm liên kết đầu tư kèm khoản vay', 'Bộ Tài chính cấm các nhà băng bán bảo hiểm liên kết đầu tư trước và sau giải ngân 60 ngày nhằm hạn chế tình trạng ép khách mua bảo hiểm kèm khoản vay.', 'https://i.imgur.com/NLLp0mo.png', 'Theo đó, Thông tư mới quy định nhà băng không được tư vấn, giới thiệu, chào bán, thu xếp ký hợp đồng bảo hiểm liên kết đầu tư cho khách hàng trong thời hạn trước và sau 60 ngày kể từ ngày giải ngân toàn bộ khoản vay.\r\n\r\nViệc cấm này áp dụng với loại hình bảo hiểm liên kết đầu tư gồm bảo hiểm liên kết chung và bảo hiểm liên kết đơn vị. Các loại bảo hiểm khác như bảo hiểm khoản vay, bảo hiểm cháy nổ, bảo hiểm tử kỳ, bảo hiểm hỗn hợp... không được Bộ Tài chính đề cập tại Thông tư này.\r\n\r\nBảo hiểm liên kết chung và bảo hiểm liên kết đơn vị có điểm chung là kết hợp yếu tố bảo hiểm và đầu tư. Dòng bảo hiểm liên kết chung có cam kết lãi nhưng ở mức rất thấp, do chủ yếu dòng tiền được phân bổ vào các sản phẩm tài chính an toàn như tiền gửi hay trái phiếu Chính phủ. Còn bảo hiểm liên kết đơn vị là loại phổ biến trong vài năm gần đây, có tỷ suất sinh lời cao hơn đồng thời cũng có rủi ro, không cam kết lãi suất do dòng tiền phân bổ vào các sản phẩm như trái phiếu doanh nghiệp, cổ phiếu...\r\n\r\nQuy định mới được Bộ Tài chính đưa ra sau hàng loạt phản ánh của người dân cho biết bị ép mua kèm bảo hiểm nhân thọ khi đi vay suốt thời gian qua. Nhiều người vay phải chấp nhận mua kèm bảo hiểm nhân thọ như một "luật ngầm" dù Ngân hàng Nhà nước và Bộ Tài chính đều có các văn bản nhắc nhở các tổ chức tín dụng.', '2023-12-22 08:43:55', 'vui', 0),
	('L1703228102934', 'Du học sinh Trung Quốc bớt chuộng ngành Kinh doanh', 'ANHTỷ lệ du học sinh Trung Quốc theo học ngành Kinh doanh vẫn cao, nhưng giảm một nửa sau 10 năm, trong khi các ngành về sáng tạo, thiết kế tăng. ', 'https://i.imgur.com/z2UKsEk.png', 'Tổ chức Dịch vụ tuyển sinh đại học (UCAS) và nhà xuất bản Pearson, Anh, hôm 18/12 công bố báo cáo về du học sinh Trung Quốc, giai đoạn 2013-2023.\r\n\r\nTheo đó, lựa chọn ngành học của du học sinh Trung Quốc đã thay đổi. Mặc dù vẫn là ngành học phổ biến nhất, số người theo học Kinh doanh chỉ còn chiếm 26% tổng số du học sinh, giảm so với tỷ lệ 43% của 10 năm trước. Các ngành sáng tạo hay thiết kế tăng trưởng, thu hút 11% du học sinh Trung Quốc trong năm 2023, trong khi năm 2013 chỉ 4%. Hai lĩnh vực khác được ưa chuộng là Toán, Khoa học và Kỹ thuật không có đột biến.\r\n\r\nCơ hội việc làm là ưu tiên, cũng như là lý do chính dẫn tới quyết định du học Anh của sinh viên Trung Quốc. 7/10 du học sinh mong muốn ở lại Anh vì chính sách visa làm việc sau tốt nghiệp (Graduate Route). 11,3% số visa Graduate Route được cấp hiện thuộc về sinh viên Trung Quốc, chỉ sau sinh viên Ấn Độ (hơn 41%). \r\n\r\nBáo cáo cho rằng sự quan tâm đến các ngành sáng tạo, nghệ thuật là xu hướng chung của sinh viên Trung Quốc, thể hiện ở cả kỳ thi đại học ở trong nước.\r\n\r\nLựa chọn này cũng khá tương đồng với kết quả khảo sát gần đây về thu nhập của sinh viên sau tốt nghiệp tại Anh. Các ngành sáng tạo đang có lợi thế về lương, dù không được coi trọng như một số ngành học truyền thống. Sau 5 năm tốt nghiệp, sinh viên các chương trình Đồ họa máy tính, Sản xuất E-sports (thể thao điện tử), Công nghệ phim trường ảo..., có thể kiếm trung bình 30.000 bảng (900 triệu đồng) một năm. Trong khi đó, cử nhân 24 trường hàng đầu (nhóm Russell) kiếm trung bình 26.000-28.500 bảng một năm.\r\n\r\nBáo cáo cho rằng, để tiếp tục duy trì vị thế đất nước du học hàng đầu thế giới, các đại học Anh cần quảng bá thêm các ngành kỹ thuật và khoa học xã hội hay như các ngành học mới với sinh viên Trung Quốc, tránh việc lệ thuộc vào các ngành kinh doanh.\r\n\r\nDu học sinh Trung Quốc ở Anh hiện khoảng 152.000 người, chiếm 22,3% và đông nhất về số sinh viên quốc tế ở đây. Theo báo cáo của UCAS, nhìn chung du học sinh Trung Quốc đến Anh tăng trong 10 năm qua, chủ yếu từ các khu vực thành thị, giàu có hoặc đông dân như Bắc Kinh, Thượng Hải, Quảng Đông, Giang Tô, Tứ Xuyên, Thiên Tân...', '2023-12-22 06:55:02', 'kamvip', 0),
	('L1703228329237', 'Nam sinh gen Z học lập trình nhúng IoT để tăng cơ hội việc làm', 'Phạm Hồng Quy (sinh viên năm 4 ngành CNTT, Nha Trang) học Lập trình nhúng IoT cùng Lumi tại FUNiX để nâng cao kỹ năng lập trình, tìm kiếm cơ hội việc làm. ', 'https://i.imgur.com/RSuUmbl.png', 'Sau một thời gian theo học tại "trường mây", Quy nhận thấy khóa học đã đáp ứng nhiều hơn mong đợi. "Từ kiến thức đến cộng đồng học tập, mọi người nhiệt tình và chăm chỉ khiến em cũng bị cuốn theo. Bên cạnh việc học, em cũng kết nối và tạo dựng được những mối quan hệ tốt, hỗ trợ cùng nhau học tập tốt hơn để phát triển bản thân", Quy chia sẻ.\r\n\r\nNam gen Z đánh giá cao sự hỗ trợ của đội ngũ hannah, mentor. Thông qua các buổi tư vấn, các phiên hỏi đáp, với kinh nghiệm thực chiến và khả năng nắm bắt tâm lý học viên rất "trúng và đúng", các mentor đã giúp cậu tháo gỡ nhiều khó khăn trong quá trình học cũng như tìm kiếm cơ hội việc làm trong lĩnh vực IOT - một ngành công nghệ còn khá mới mẻ tại Việt Nam.\r\n\r\nTrước đó, khi chọn theo ngành IoT, nam sinh băn khoăn về vấn đề thực tập hay xin việc, vì cho rằng đây là một ngành đặc thù, quy mô phát triển chưa nhiều, hơn nữa bản thân cậu cũng thiếu tự tin về việc phỏng vấn hay viết CV xin việc. Nhưng sau khi tham gia buổi trao đổi với mentor Nguyễn Phú Phượng - với 10 năm kinh nghiệm trong lĩnh vực lập trình nhúng và 5 năm trong lĩnh vực lập trình IoT, mọi lo lắng của cậu đã được xóa nhòa.\r\n\r\nMentor cho rằng cơ hội thực tập trong ngành IoT còn nhiều hơn nếu học viên chịu khó tìm hiểu, và có nhiều công ty sẵn sàng nhận thực tập sinh. Kiến thức mà FUNiX đã trang bị đủ để học viên có thể làm được trong kỳ thực tập này. Mục tiêu của khóa học này là ngay sau khi hoàn thành, học viên có thể đi làm tại các công ty liên quan đến mảng smarthome, smartcity và trực tiếp nhất là công ty Lumi Việt Nam. "Những chia sẻ của mentor khiến em được khích lệ, yên tâm hơn về lựa chọn học tập của mình", Quy cho biết.', '2023-12-22 06:58:49', 'kamvip', 0),
	('M1703229969370', 'Thưởng Tết của quan lại Trung Quốc thời xưa', 'Thưởng Tết cho quan lại ở Trung Quốc có từ hơn 2.000 năm trước, với khác biệt rõ ràng về chức vụ, cấp bậc. ', 'https://i.imgur.com/dGLZMyy.png', '', '2023-12-22 07:26:09', 'ngan', 0),
	('M1703234801814', 'Bảo hiểm PVI liên tiếp được xếp hạng uy tín trong năm 2023', 'Sức khỏe tài chính ổn định giúp Bảo hiểm PVI được xếp hạng tín nhiệm A- từ AM Best và nằm trong top 50 doanh nghiệp đạt lợi nhuận xuất sắc Việt Nam. ', 'https://i.imgur.com/HMzCEk4.png', 'Theo báo cáo của Bảo hiểm PVI, khả năng sinh lợi từ kinh doanh bảo hiểm ổn định và tỷ suất lợi nhuận trên vốn chủ sở hữu bình quân 5 năm là 17% (2017-2021), phí bảo hiểm cũng tăng 17% vào năm 2022. AM Best cho rằng, đơn vị này sẽ duy trì khả năng sinh lợi từ hoạt động kinh doanh bảo hiểm với tỷ lệ kết hợp ròng ở mức xấp xỉ 90% trong trung hạn. Lợi tức đầu tư chủ yếu từ lãi suất tiền gửi và cổ tức, đây vẫn là nguồn đóng góp thường xuyên vào tổng doanh thu của công ty.\r\n\r\nVới mức xếp hạng này, Bảo hiểm PVI có thể nâng cao sức cạnh tranh lẫn khả năng khai thác nguồn khách hàng mới, đặc biệt là khách hàng quốc tế. Thực tế, doanh thu phí nhận tái bảo hiểm của doanh nghiệp cũng tăng 14% so với cùng kỳ do hiệu ứng tích cực từ việc được nâng hạng tín nhiệm lên A-.\r\n\r\nTheo báo cáo tài chính quý III, kết thúc 9 tháng đầu năm 2023, tổng doanh thu Bảo hiểm PVI đạt 10.721 tỷ đồng, tăng trưởng 12,2% so với cùng kỳ. Lợi nhuận trước thuế đạt 536,5 tỷ đồng, hoàn thành 128,6% kế hoạch 9 tháng\r\n\r\nTrước đó, năm 2021 và 2022, tổng doanh thu của công ty lần lượt đạt 10.200 tỷ đồng và 12.765 tỷ đồng. Lợi nhuận trước thuế cũng ghi nhận mức hoàn thành vượt kế hoạch, cụ thể năm 2021 đạt 790 tỷ đồng, năm 2022 đạt 680 tỷ đồng.\r\n\r\nDự kiến năm 2023, doanh thu bảo hiểm gốc của đơn vị này sẽ cán xa mốc 10.000 tỷ đồng. Cùng với sự tăng trưởng về mặt kinh doanh, sức khỏe tài chính của Bảo hiểm PVI cũng được duy trì với tỷ lệ biên khả năng thanh toán ở 161,9%.\r\n\r\nSức mạnh tài chính giúp doanh nghiệp này được Vietnam Report ghi nhận vào nhóm Top 50 Doanh nghiệp đạt lợi nhuận xuất sắc nhất Việt Nam.', '2023-12-22 08:46:41', 'vui', 0),
	('N1703235115131', 'Ukraine nói tốc độ sản xuất vũ khí của Nga chậm lại', 'Tổng thống Ukraine nói tình báo nước này nhận được thông tin cho biết hoạt động sản xuất của ngành công nghiệp quốc phòng Nga đã chậm lại. ', 'https://i.imgur.com/TdazSpg.png', '"Tổng cục Tình báo Quân đội (GUR) gửi báo cáo riêng. Có dấu hiệu cho thấy hoạt động của các nhà máy và ngành công nghiệp quốc phòng Nga đang chậm lại", Tổng thống Ukraine Volodymyr Zelensky ngày 21/12 cho biết.\r\n\r\nÔng Zelensky tuyên bố quân đội Ukraine sẽ tiếp tục nỗ lực làm suy yếu tiềm năng quân sự của Nga. "Chúng tôi sẽ khiến họ giảm tốc độ sản xuất hơn nữa. Chúng tôi tin vào sức mạnh của mình và tiếp thêm sức mạnh cho Ukraine mỗi ngày", Tổng thống Zelensky nói.\r\n\r\nTình báo Ukraine trước đó nhận định Nga có ý định kéo dài xung đột đến hết năm 2024, do đó nước này đang tích cực tái cơ cấu nền kinh tế. Tổ hợp công nghiệp quốc phòng Nga hiện có thể sản xuất nhiều tên lửa hơn trước khi xung đột bùng phát, song nước này không thể tích lũy vũ khí do liên tục tập kích đối phương.\r\n\r\nBộ Tổng tham mưu quân đội Ukraine cùng ngày cho biết lực lượng Nga không ngừng tấn công và di chuyển trên các khu vực dọc theo chiến tuyến dài 1.000 km. Cơ quan này tuyên bố lực lượng Ukraine đẩy lùi ít nhất 30 đợt tiến công của Nga ở gần Avdeevka, 11 đợt gần Maryinka và 7 đợt ở ngoại ô Bakhmut.\r\n\r\nMáy bay không người lái (UAV) vào rạng sáng 22/12 tấn công thủ đô Kiev, khiến hai người bị thương. Đây là lần thứ 6 UAV Nga tập kích Kiev trong tháng này. Giới chức Kiev cho biết vụ tấn công khiến một số ngôi nhà bị cháy hoặc hư hại.\r\n\r\nNga chưa bình luận về các thông tin trên của Ukraine.\r\n\r\nTrong cuộc họp ngày 19/12, Bộ trưởng Quốc phòng Nga, đại tướng Sergey Shoigu tuyên bố các tổ hợp công nghiệp quốc phòng của nước này "đã tăng gấp 4 lần công suất và hoạt động 24/24".', '2023-12-22 08:51:55', 'vui', 0),
	('O1703228658040', 'Chuyện tình của cô gái tí hon và bạn đồng giới', 'MỸ - Tiny Texie, 31 tuổi và Anastasia Graves, 23 tuổi yêu nhau đã ba năm nhưng vì vóc dáng như con nít của Tiny mà họ phải chịu rất nhiều bình luận ác ý. ', 'https://i.imgur.com/xExIHsR.png', 'Cô gái tí hon gây chú ý khi tham gia một cuộc thi sắc đẹp năm 2015, từ đó thành công với sự nghiệp người mẫu, diễn viên múa, bên cạnh kinh doanh trên các nền tảng mạng xã hội. Cô được biết tới là "nghệ sĩ giải trí và người có ảnh hưởng trên mạng xã hội nhỏ bé nhất thế giới", với 5,4 triệu người theo dõi trên TikTok.\r\n\r\nNăm 2020, khi Tiny thuê Anastasia Graves trang điểm cho mình, cả hai đã nảy sinh tình cảm. "Kể từ buổi gặp đầu tiên, tình yêu đến với chúng tôi như cơn lốc", Anastasia nói.\r\n\r\nKhông lâu sau khi quen, Ana tỏ tình. Tình cảm của họ ngày càng tốt từ khi bên nhau. "Tôi thích cách cô ấy nhìn tôi không phải vì chiều cao", Tiny chia sẻ.\r\n\r\nNhưng cũng từ đó, họ liên tục vấp phải sự phán xét, đe dọa của người xung quanh. Đi ra ngoài cùng nhau, Tiny thường bị xem là con gái của Anastasia. Nhiều người thắc mắc tại sao cô lại cho phép con mình ăn mặc và trang điểm gợi cảm như vậy. Nhiều người cũng cho cô hư hỏng khi yêu đồng giới với người tí hon.\r\n\r\n"Có lúc tôi bị ném đồ uống vào người khi đang đi hẹn hò với Tiny. Bất chấp những khó khăn, tôi không quan tâm vì yêu cô ấy", Anastasia chia sẻ.\r\n\r\nTiny coi Anastasia là lá chắn, bởi luôn bảo vệ cô khỏi những người kỳ thị. "Cô ấy không bao giờ để tôi phải đấu tranh dưới bất kỳ hình thức nào, dù là về thể chất, tinh thần hay tình cảm. Nếu ai đó đến gần và cố làm hại tôi, tôi có một tấm khiên", Tiny nói.\r\n\r\nSau ba năm bên nhau, Tiny và Ana đã đính hôn đầu năm 2023. Gần đây họ chia sẻ hình ảnh đang đi tìm chiếc váy cưới hoàn hảo cho Tiny. Sau khi thử hàng loạt váy cưới của những bé gái, ngôi sao mạng xã hội tỏ ra thất vọng vì cô muốn mặc một chiếc váy cưới thực sự dành cho người phụ nữ trong ngày trọng đại chứ không phải đồ của trẻ con.\r\n\r\nCuối cùng, cô chọn được một chiếc váy quây với đường viền cổ xinh xắn, một chiếc váy dài bồng bềnh và những chi tiết trang trí lấp lánh, mà tiệm váy cưới sẽ thay đổi thiết kế cho vừa với chiều cao của cô.', '2023-12-22 07:04:18', 'Doisong', 0),
	('O1703231598431', 'Sun Cosmo Residence Da Nang\r\n', 'Chủ đầu tư: Công ty cổ phần Tập đoàn Mặt trời', 'https://i.imgur.com/x47bLTa.png', 'Thông tin chi tiết\r\nDự án Sun Cosmo Residence Da Nang nằm tại giao lộ Trần Hưng Đạo-Chương Dương-Nguyễn Văn Thoại, sát chân cầu Trần Thị Lý, cách biển Mỹ Khê khoảng 1 km. Vị trí nằm liền kề Quốc lộ 14B và cây cầu Nguyễn Văn Trỗi nối liền hai quận Hải Châu và Ngũ Hành Sơn, ngăn cách bởi Sông Hàn.\r\n\r\nDự án phất triển theo mô hình tổ hợp, gồm phân khu The Panoma (hai tòa tháp căn hộ cao tầng) và The Cosmo (khu nhà ở thấp tầng). Trong đó, khu cao tầng có tổng diện tích 5.576 m2, cung cấp ra thị trường 650 căn hộ từ studio, căn hộ 1-3 phòng ngủ, căn duplex và 38 căn shophouse khối đế.\r\n\r\n- Tháp 1: Cao 27 tầng nổi, trong đó có 24 tầng căn hộ cao cấp, ba tầng khối đế (hai tầng shophouse và một tầng tiện ích) và ba tầng hầm để xe.\r\n\r\n- Tháp 2: Cao 33 tầng nổi, trong đó 30 tầng căn hộ cao cấp, ba tầng khối đế (hai tầng shophouse và một tầng tiện ích) cùng ba tầng hầm để xe.\r\n\r\nKhu thấp tầng rộng 3 ha, cung cấp 150 căn bao gồm các căn townhouse và shopvilla.\r\n\r\n- Townhouse: 107 căn, diện tích đất 100-140 m2, chiều cao xây dựng từ 6-7 tầng với tổng diện tích sàn 490-715 m2.\r\n\r\n- Shopvilla: 43 căn, diện tích đất 200-500 m2, tổng diện tích sàn 250-550 m2.\r\n\r\nMột số tiện ích nội khu nổi bật gồm vườn thượng uyển, gym-spa, bể bơi vô cực, khu vui chơi trẻ em, sky garden.', '2023-12-22 07:53:18', 'Duhocsinh', 0),
	('O1703238115956', 'Loạt hoạt động lan tỏa cảm hứng giữ Trái Đất xanh cho trẻ', 'Chuỗi chương trình ngoại khóa với nhiều hoạt động trải nghiệm do SuSu và Hero tổ chức khắp cả nước góp phần khơi nguồn cảm hứng bảo vệ môi trường cho trẻ em. ', 'https://i.imgur.com/fHSo0Qm.jpeg', 'Thông qua chuỗi chương trình, nhãn hàng SuSu và Hero đã mang đến cho các em những giờ phút thư giãn với các phim ngắn và vở kịch về bộ đôi siêu anh hùng thiếu nhi SuSu - Hero đối đầu quái vật rác gây ô nhiễm. Qua đó, các em học sinh hiểu rằng nhiệm vụ bảo vệ môi trường không phải của riêng ai. Nếu tất cả hợp lực hành động sẽ tạo nên một sức mạnh vô song, kỳ diệu. Bên cạnh đó là nghi thức in dấu tay trên quả địa cầu thu hút học sinh hào hứng tham gia, hô vang khẩu hiệu "Nạp năng lượng - Giữ Trái Đất xanh" như lời cam kết sẽ cùng chung tay bảo vệ môi trường.\r\n\r\nNgoài ra, các em còn được tham gia các trò chơi trí tuệ và vận động, chinh phục thử thách sau khi được "sạc đầy năng lượng" với sữa chua uống Vinamilk SuSu Có Thạch Mới và sữa trái cây Vinamilk Hero Hương Dưa Hấu ngay trong khuôn viên trường.\r\n\r\nChuỗi chương trình này càng thêm lan tỏa khi cộng hưởng với MV ca nhạc Vũ điệu giữ Trái Đất xanh lên sóng hồi tháng 8. Với các màn vũ đạo "bắt trend" và ca từ sôi động của ca sĩ Jun Phạm, cùng các kỹ xảo 3D, MV đã đạt được 30 triệu lượt xem chỉ sau một tháng.', '2023-12-22 09:41:55', 'buon', 0),
	('P1703214202924', 'Khải Hoàn Prime', 'Chủ đầu tư: Công ty TNHH Giao Hưởng Xanh', 'https://i.imgur.com/Lzr3I08.png', 'Thông tin chi tiết\r\nKhu căn hộ xã Nhơn Đức, huyện Nhà Bè có tên thương mại là Khải Hoàn Prime (tên cũ La Partenza). Dự án được giới thiệu ra thị trường năm 2019, tuy nhiên đến tháng 4/2023, dự án mới được cấp phép xây dựng và đổi tên.\r\n\r\nDự án nằm trên tuyến đường Lê Văn Lương, thuộc xã Nhơn Đức, huyện Nhà Bè, liền kề khu đô thị Phú Mỹ Hưng và Zeitgeist Nhà Bè, TP HCM.\r\n\r\nQuy mô dự án gần 2 ha, trong đó mật độ xây dựng 26%, gồm 3 toà tháp gồm: Vinci cao 27 tầng, tháp Mika cao 25 tầng, tháp Gali cao 27 tầng. Giỏ hàng có 1.296 căn hộ từ 1-3 phòng ngủ. 65% căn hộ tại dự án có tầm nhìn sông.\r\n\r\nDự án có 25 tiện ích như hồ bơi muối khoáng, hồ sục jacuzzi, vườn BBQ, sân tennis, rạp phim 3D, quảng trường ánh sáng và nhạc nước...', '2023-12-21 17:00:00', 'nao', 0),
	('P1703229681406', 'Băng giá xuất hiện trên đỉnh núi ở Mù Cang Chải', 'YÊN BÁI-Đỉnh La Pán Tẩn, huyện Mù Cang Chải, cao khoảng 2.000 m so với mực nước biển, sáng nay xuất hiện băng giá dày đặc.', 'https://i.imgur.com/HHBXFyN.png', 'Anh Hoàng Xuân Thành, 30 tuổi, sống tại xã La Pán Tẩn, cho biết băng giá hình thành từ đêm qua, khi nhiệt độ xuống dưới 0. Đến 8h hôm nay, băng dày đặc, bao phủ trên cành cây, ngọn cỏ từ độ cao 1.500 m trở lên đỉnh núi.\r\n\r\nKhu vực tập trung nhiều băng nhất là ở độ cao khoảng 1.700 m, với diện tích chừng một km2, nơi sương mù dày. Càng lên trên đỉnh núi, gió thổi mạnh, băng càng thưa. Đến 10h, băng vẫn chưa tan, anh Thành cho biết.\r\n\r\nTheo Trung tâm Dự báo Khí tượng Thủy văn quốc gia, trung tâm huyện Mù Cang Chải, nơi có độ cao thấp hơn so với đèo La Pán Tẩn, sáng nay khoảng 9 độ C. Cứ lên cao khoảng 100 m, nhiệt độ sẽ giảm 0,6 độ C.\r\n\r\nNgoài La Pán Tẩn, đỉnh núi Fansipan, Lào Cai, cũng xuất hiện băng ở độ cao từ 2.300 m trở lên.\r\n\r\nMiền Bắc bước sang ngày thứ sáu của đợt rét đậm, rét hại, nhiệt độ trung bình ngày ở đồng bằng từ 15 độ trở xuống, trung du và miền núi dưới 13 độ C. Sáng nay trời rét hơn do không khí lạnh tăng cường. Đỉnh núi Mẫu Sơn (Lạng Sơn) đón không khí lạnh đầu tiên và mạnh nhất miền Bắc nên nhiệt độ xuống âm 2 độ.\r\n\r\n23/25 tỉnh, thành miền Bắc rét dưới 10 độ, trong đó 10 địa phương dưới 5 độ C. Một số vùng núi cao quanh ngưỡng 3 độ C là Pha Đin (Điện Biên), Sa Pa (Lào Cai), Tiên Yên (Quảng Ninh). Sìn Hồ (Lai Châu), Mộc Châu (Sơn La), Đồng Văn (Hà Giang), Ngân Sơn (Bắc Kạn), Tam Đảo (Vĩnh Phúc) 4-5 độ C.\r\n\r\nDự báo, đợt rét đậm rét hại ở miền Bắc còn kéo dài đến ngày 25/12.', '2023-12-22 07:21:21', 'Doisong', 0),
	('P1703231366099', 'Học bổng thạc sĩ Fulbright mở rộng ngành học', 'Năm học 2025-2026, học bổng thạc sĩ Fulbright lần đầu tuyển ứng viên ngành Kỹ thuật và Khoa học Vật lý, thay vì chỉ các ngành Khoa học xã hội và Nhân văn như trước. ', 'https://i.imgur.com/cbI6F5E.png', 'Năm học 2025-2026, học bổng thạc sĩ Fulbright lần đầu tuyển ứng viên ngành Kỹ thuật và Khoa học Vật lý, thay vì chỉ các ngành Khoa học xã hội và Nhân văn như trước.\r\n\r\nNgày 19/12, phái đoàn Ngoại giao Mỹ tại Việt Nam thông báo tuyển ứng viên theo học bằng thạc sĩ tại Mỹ cho chương trình học bổng Fulbright năm học 2025-2026. Học bổng gồm học phí, vé máy bay khứ hồi đến Mỹ, trợ cấp hàng tháng và bảo hiểm y tế.\r\n\r\nNăm học 2025-2026, chương trình mở rộng các ngành học được tài trợ, lần đầu tiên dành cho ứng viên ngành Kỹ thuật và Khoa học Vật lý, bên cạnh các ngành Khoa học xã hội và Nhân văn.\r\n\r\nNgười ứng tuyển phải tốt nghiệp đại học; có ít nhất hai năm kinh nghiệm kể từ khi tốt nghiệp đến thời điểm nộp hồ sơ và có điểm TOEFL iBT tối thiểu 79, IELTS 6.5 hoặc Duolingo 110 hay TOEFL Essentials 8.5 còn hạn sử dụng.\r\n\r\nHồ sơ nộp trực tuyến gồm đơn dự tuyển, ba thư giới thiệu, các loại bằng cấp và bảng điểm từ bậc đại học trở lên (kèm bản dịch tiếng Anh có công chứng), chứng chỉ ngoại ngữ và sơ yếu lý lịch. Hạn nhận hồ sơ vào 17h, ngày 1/4/2024 (giờ Việt Nam).', '2023-12-22 07:49:26', 'ngan', 0),
	('P1703232192665', 'Ba năm tới với 1,5 tỷ đồng có đủ xây nhà 4 tầng 48 m2 ở Hà Nội?', 'Tôi định đập bỏ căn nhà cũ diện tích 48 m2, xây mới 4 tầng, nhưng không biết ngân sách 1,5 tỷ đồng liệu có đủ. ', 'https://i.imgur.com/l9lFjGv.png', 'Công năng dự kiến của ngôi nhà tôi tính phân chia như sau: tầng một bố trí khu sinh hoạt chung, tầng 2 và tầng 3 làm phòng ngủ, còn tầng 4 có thể làm sân thượng.\r\n\r\nVề ngân sách xây dựng, tôi và bố mẹ có bàn bạc và dự kiến khoảng 3 năm nữa sẽ tích góp đủ 1,5 tỷ đồng. Nhưng không biết với tình hình biến động giá nguyên vật liệu thì lúc đó, số tiền này có đủ để dỡ nhà hiện tại, xây mới và hoàn thiện toàn bộ nội thất không? Ngoài ra, mong chuyên gia chỉ ra giúp tôi các lưu ý khi phân chia ngân sách để hạn chế phát sinh.', '2023-12-22 08:03:12', 'Duhocsinh', 0),
	('Q1703231101910', 'Chuyên gia lý giải đà giảm hơn 200 điểm của VN-Index năm 2023', 'VN-Index giảm hơn 200 điểm đi đồng pha cùng chứng khoán thế giới, đồng thời phản ánh tâm lý của nhà đầu tư khi tiền được hút qua kênh tín phiếu. ', 'https://i.imgur.com/hO9208Z.png', 'Tính đến 15/12, chỉ số VN-Index tăng 5,59% so với hồi đầu năm tuy nhiên diễn biến của thị trường không phải một đường đi lên.\r\n\r\nChỉ số của sàn HoSE tăng mạnh trong tháng đầu tiên của năm rồi chững lại, đi ngang cho tới cuối tháng 4. Ba tháng sau đó, VN-Index vọt hơn 20%, từ vùng 1.035 lên gần 1.250 điểm. Dù vậy, mức đỉnh ngắn hạn không giữ được lâu. Chỉ số của HoSE lần thứ hai chạm 1.250 điểm vào tháng 9 rồi điều chỉnh rồi mất mốc quan trọng 1.100.\r\n\r\nLý giải đà giảm của chỉ số sàn HoSE, bà Nguyễn Ngọc Linh, Giám đốc tự doanh Chứng khoán DNSE phân tích trên hai nguyên nhân. Nhịp giảm điểm của chứng khoán Việt Nam hồi cuối tháng 9 đi đồng pha với chứng khoán toàn cầu. Chỉ số chứng khoán Mỹ mất gần 5% trong tháng 9. Các chỉ số chính ở châu Âu và châu Á cũng mất từ 2-4% trong quãng thời gian này.\r\n\r\nNgoài ra, thời gian này, Ngân hàng Nhà nước liên tục hút tiền về qua kênh tín phiếu để kiểm soát tỷ giá cũng ảnh hưởng không nhỏ đến thanh khoản hệ thống tài chính và tâm lý nhà đầu tư.\r\n\r\nĐồng quan điểm, ông Hồ Sỹ Hoà, Giám đốc Nghiên cứu và Tư vấn đầu tư, Công ty Chứng khoán DNSE lý giải thêm, chỉ số DXY (đo lường sức mạnh đồng USD) tăng mạnh hơn 7,2% từ giữa tháng 7 đến đầu tháng 10, dẫn đến Ngân hàng Nhà nước phải rút một lượng lớn tiền về hệ thống thông qua kênh tín phiếu. Điều này ảnh hưởng mạnh đến tâm lý của nhà đầu tư dù các yếu tố vĩ mô của nền kinh tế vẫn rất tích cực.\r\n\r\n"Do vậy, sự sụt giảm gần đây của thị trường không phản ánh đánh giá kém tích cực của nhà đầu tư đối với triển vọng phục hồi của nền kinh tế", bà Linh đánh giá. Chuyên gia này này nói thêm, đà giảm chỉ là sự điều chỉnh ngắn hạn sau một thời gian tăng dài của chỉ số đại diện sàn HoSE.\r\n\r\nChứng khoán liên tục giảm điểm khiến nhiều nhà đầu tư thua lỗ, song, ở chiều ngược lại điều này cũng giúp nhiều mã ngành trở lại điểm mua hợp lý để đầu tư trung và dài hạn. Chuyên gia 24 năm kinh nghiệm trong lĩnh vực chứng khoán Ngô Quốc Khánh cũng cho rằng, ngay cả khi thị trường biến động, nhiều nhà đầu tư vẫn có thể tìm kiếm lợi nhuận.\r\n\r\n"Nếu hiểu đúng về bản chất thị trường, nhà đầu tư có thể cơ cấu danh mục để hạn chế rủi ro và tối ưu lợi nhuận", ông Khánh nói.\r\n\r\nVới mong muốn trang bị kiến thức đầu tư cho người mới gia nhập thị trường chứng khoán, đồng thời, hiểu đúng đủ về ý nghĩa của chỉ số VN-Index, eBox - nền tảng chia sẻ kiến thức đa lĩnh vực tổ chức chuyên đề "Bức tranh kinh tế 2023 - 2024, kinh nghiệm vượt khó và sinh tồn trong thị trường Tài chính - Chứng khoán".\r\n\r\nTrong 70 phút chương trình, chuyên gia sẽ lần lượt điểm qua các cột mốc quan trọng của thị trường, đồng thời chia sẻ kinh nghiệm vượt sóng chứng khoán trong hai thập kỷ đầu tư.\r\n\r\nỞ phần cuối của chương trình, chuyên gia đưa ra các dự báo cho nền kinh tế trong năm 2024 và những nhóm ngành triển vọng có thể đầu tư theo cả hình thức ngắn, trung và dài hạn. Người xem được hướng dẫn quan sát diễn biến của thị trường tài chính - chứng khoán qua đồ thị trực quan.\r\n\r\nTừ này đến trước ngày 18/12, 300 khán giả đăng ký mua vé chuyên đề trên eBox đầu tiên sẽ nhận ưu đãi dành cho vé Super Early Bird (Vé siêu sớm) với mức giá chỉ 299.000 đồng. Sau thời gian này, mức giá sẽ tăng lên 399.000 đồng (giai đoạn vé sớm đến 29/12) và 549.000 đồng. Toàn bộ video được lưu lại vĩnh viễn trên eBox để độc giả xem bất lại cứ lúc nào. Khách mua từ hai vé nhận thêm ưu đãi từ 15-25%', '2023-12-22 07:45:01', 'ngan', 0),
	('Q1703233120412', 'Nữ phiên dịch học phân tích dữ liệu để thay đổi sự nghiệp ở tuổi 39', 'NINH THUẬN-Ngô Thị Mỹ Duyên theo học khóa Data Analysis tại FUNiX với mục tiêu nâng cao kỹ năng công việc, chuyển hướng sang lĩnh vực phân tích dữ liệu về Sức khỏe. ', 'https://i.imgur.com/pfpmow4.png', 'Tốt nghiệp ngành Nhật Bản học, Mỹ Duyên có nhiều năm làm phiên dịch tiếng Nhật và Tester tự do. Không bằng lòng với công việc hiện tại mà theo Duyên là khá tẻ nhạt và tạo ra sức ì lớn, cô tự tìm hiểu thêm về ngành phân tích dữ liệu và quyết định đăng ký khóa học Data Analysis (DA) tại FUNiX.\r\n\r\nMục tiêu của Duyên là nâng cao kiến thức kỹ năng cơ bản và có thể trực tiếp làm việc, xử lý dữ liệu một cách nhanh chóng, hiệu quả. Xa hơn, cô muốn tìm kiếm thêm cơ hội việc làm về DA trong ngành y tế, một lĩnh vực mà từ lâu cô đã rất quan tâm để thay đổi bản thân và cuộc sống.\r\n\r\n"Với kiến thức từ DA, con người có thể biến những dữ liệu, con số phức tạp thành những biểu đồ để truyền đạt những thông điệp, câu chuyện vừa dễ hiểu vừa ý nghĩa với người xem, điều mà bao nhiêu từ ngữ cũng không bằng được", Mỹ Duyên chia sẻ, cho biết chính điều đó làm cô ấn tượng với ngành DA và mong ước có thể sớm làm được điều đó.\r\n\r\nKhi chuyển sang học DA tại FUNiX, Mỹ Duyên cảm thấy khá thách thức vì bắt đầu làm quen với việc học online, khó hơn nữa là về tư duy thống kê, kiến thức Toán cũng như làm việc với các con số. Tuy nhiên, nơi đây mang đến cho cô những động lực học tập tuyệt vời, với nguồn học liệu phong phú, đội ngũ mentor (cố vấn chuyên môn), tutor (người hỗ trợ), hannah (cán bộ duy trì động lực học) và cộng đồng học viên.\r\n\r\nCô học được từ một bạn xTer là "hãy gõ cửa" tìm đến mentor. "FUNiX có rất nhiều mentor là những chuyên gia trong ngành, sẵn sàng chỉ dẫn, giúp tôi hiểu kiến thức cặn kẽ", Duyên cho hay.\r\n\r\nTừng trăn trở khi thay đổi công việc ở tuổi 39, Duyên cũng lo lắng liệu mình có thể học được như các bạn trẻ, đặc biệt lại về ngành dữ liệu khá khó so với khởi đầu của cô. Nhưng bằng đam mê với những con số, biểu đồ và sự động viên lớn từ hannah, cho rằng công việc phân tích dữ liệu hiện nay được sử dụng trong hầu hết lĩnh vực, ngành nghề của đời sống, sự thay đổi này chưa bao giờ là muộn nếu không muốn bị tụt hậu. Duyên quyết tâm học và lên kế hoạch học hàng ngày để không bị ảnh hưởng bởi các công việc khác.\r\n\r\nMỗi ngày, cô dành khoảng 3 giờ để học công nghệ trực tuyến. Cô tập trung học từ các tài liệu chính, sau đó rèn luyện thêm kỹ năng trên các tài liệu, bài giảng trên Udemy mà FUNiX cung cấp tài khoản. Khi gặp khó, cô sẽ nhờ tutor, mentor và hannah hỗ trợ.\r\n\r\n"Hannah, đặc biệt là hannah Minh Ngọc giúp tôi vượt qua tâm lý những ngày đầu học online, . Còn mentor Hữu Thành, Thành Công... có chuyên môn sâu, giúp tôi hiểu về các kiến thức khó của ngành. Tutor Huy là học viên đi trước, chỉ cho tôi những chỗ khó khăn, gợi ý học liệu, và giúp tôi cài đặt các tool học tập", Duyên kể.\r\n\r\nBên cạnh đó, cô nhận xét "trường mây" còn có nhiều thuận lợi như các hoạt động ngoại khóa đa dạng, hữu ích. Đó là các buổi xTalk, xDebate, Udemy Upskill, các buổi hỏi đáp, trao đổi với mentor để học viên có thêm nhiều bí kíp học tập hiệu quả.\r\n\r\nGần đây nhất, Duyên được tham gia chương trình tư vấn học tập với mentor FUNiX, qua đó, giúp cô thấy rõ hơn lộ trình, định hướng học tập. Bằng cách lắng nghe, giải thích dễ hiểu, mentor truyền thêm cảm hứng học tập và động lực cho Duyên với vốn kiến thức sâu rộng trong ngành Data.\r\n\r\n"Nhờ mentor tư vấn tôi biết thêm cách tìm kiếm bằng từ khóa \'story telling\' trên Udemy sẽ giúp tập trung sâu về phần biểu đồ, cách sử dụng biểu đồ, sử dụng dữ liệu, sắp xếp màu sắc, vì "story telling" là cả một nghệ thuật, nghĩa là mình phải biết đưa cái gì lên biểu đồ và giấu cái gì đi", Duyên chia sẻ thêm.\r\n\r\nCũng theo cô, hiểu hơn về cách con người sẽ làm việc với dữ liệu giúp bản thân xác định được cần tập trung vào những kiến thức, kỹ năng căn bản nào, và lựa chọn hướng đi ra sao để phù hợp sở thích và khả năng của bản thân.\r\n\r\nTrước mắt, Duyên sẽ tập trung vào các mindset (tư duy) phân tích như kiến thức tư duy phân tích và rèn luyện năng lực phân tích dữ liệu với hai công cụ là PowerBI và SQL. Hàng ngày, để rèn luyện năng lực phân tích, Duyên thường chọn một trong năm dữ liệu cuộc sống xung quanh để phân tích, như đếm quán ăn gần nhà, thống kê theo loại, hay dữ liệu về một điều gì đó khi đọc tin tức... Cách thực hành nhỏ này giúp cô có cái nhìn khách quan, rõ ràng hơn về những gì xảy ra xung quanh mà trước đây cô chỉ phán đoán theo cảm tính.\r\n\r\nTrong tương lai gần, Duyên mong muốn sẽ sớm hoàn thành khóa học DA tại FUNiX, đi thực tập và tìm được công việc như ý trong lĩnh vực y tế - sức khỏe.', '2023-12-22 08:18:40', 'Duhocsinh', 0),
	('R1703215101072', 'Rublev: ‘Ai cũng mong Nadal đấu Djokovic’', 'Tay vợt số năm thế giới Andrey Rublev cho rằng sự trở lại của Rafael Nadal ở mùa 2024 sẽ khiến cuộc cạnh tranh ở ATP Tour khắc nghiệt hơn. ', 'https://i.imgur.com/UrVZlmH.png', 'Nadal trở lại ATP Tour cuối tháng này, ở sự kiện 250 tại Brisbane. Tay vợt 37 tuổi đang tập ở Kuwait cùng Arthur Fils và Richard Gasquet, rồi sau đó là Jan-Lennard Struff và Emil Ruusuvuori. Sau giải đấu ở Brisbane, Nadal sẽ dự Australia Mở rộng – nơi anh vô địch năm 2022, ngay sau khi hồi phục chấn thương.\r\n\r\nNadal không thi đấu từ sau khi dính chấn thương và thua ba set trắng dưới tay Mckenzie McDonald ở vòng hai Australia Mở rộng đầu năm. Nghỉ thi đấu gần một năm khiến Nadal tụt xuống ngoài top 600 ATP và có thể gặp bất cứ hạt giống hàng đầu nào ở các giải sắp tới. Lần gần nhất Nadal đấu Djokovic là ở tứ kết Roland Garros 2022, nơi anh thắng kình địch và sau đó vô địch. Hai người gặp nhau 50 lần và Djokovic thắng 30.\r\n\r\n"Tôi tập cùng Nadal ba tiếng rưỡi với cường độ cao và anh ấy chơi rất tốt", Gasquet nói về đồng nghiệp sau kỳ tập huấn ở Kuwait. Tay vợt Pháp cho rằng Nadal cần thêm thời gian bắt nhịp trở lại nhưng không nghi ngờ khả năng thành công của "Vua đất nện".\r\n\r\nRuusuvuori cũng ám chỉ Nadal đang có phong độ tốt khi đăng đoạn video tập trên mạng xã hội và miêu tả "chất lượng buổi tập tuyệt vời". Tài năng trẻ Fils trước đó cũng cho biết Nadal chơi ở đẳng cấp cao và đủ sức cạnh tranh khi trở lại.\r\n\r\nNadal hai lần vô địch Australia Mở rộng, năm 2009 và 2022. Anh đang có 22 Grand Slam, kém kỷ lục của Djokovic hai danh hiệu.', '2023-12-21 17:00:00', 'nan', 0),
	('S1703214840299', 'Super League sẽ thi đấu như thế nào', 'Sau khi thắng kiện UEFA và FIFA hôm 21/12, các nhà tổ chức European Super League công bố thể thức mới của giải đấu.', 'https://i.imgur.com/ctjO8jd.png', 'Sau khi thắng kiện UEFA và FIFA hôm 21/12, các nhà tổ chức European Super League công bố thể thức mới của giải đấu.\r\n\r\nTheo thông báo của A22 - công ty tổ chức Super League, giải sẽ có 64 đội tham gia và chia làm ba hạng đấu. Hạng nhất (Star League) và hạng nhì (Gold League) đều gồm 16 đội, chia thành hai bảng. Hạng ba (Blue League) gồm 32 đội, chia thành bốn bảng.\r\n\r\nTại mỗi bảng, tám đội sẽ thi đấu vòng tròn hai lượt với 14 trận, gồm bảy trận sân nhà và bảy trận sân khách. Giai đoạn này diễn ra từ tháng 9 đến tháng 4. Ở hạng nhất và hạng nhì, bốn đội đứng đầu mỗi bảng sẽ vào vòng play-off tranh chức vô địch của từng hạng. Ở hạng ba, hai đội đứng đầu mỗi bảng đủ điều kiện tham dự vòng knock-out tranh vô địch. Vòng tứ kết và bán kết gồm hai lượt đi và về, còn trận chung kết sẽ đá ở sân trung lập.\r\n\r\nSau mỗi mùa, các CLB xếp cuối mỗi bảng ở hạng nhất sẽ xuống hạng và được thay thế bởi các đội vào chung kết ở hạng nhì. Điều tương tự áp dụng cho việc lên - xuống hạng ở hạng nhì và hạng ba.\r\n\r\nỞ hạng ba, 20 trong số 32 CLB phải rời giải và được thay thế bởi các đội bóng khác, dựa trên thành tích ở giải quốc nội của họ. Giám đốc điều hành A22, ông Bernd Reichart nói: "Chúng tôi sẽ phải đối thoại nhiều hơn với các CLB và các Liên đoàn để tìm ra phương án tối ưu".\r\n\r\nCác trận đấu của Super League sẽ diễn ra vào giữa tuần và được phát sóng miễn phí. Các đội bóng dự giải đấu này được đảm bảo nguồn thu lớn, nhận thẳng tiền thưởng từ ban tổ chức Super League mà không phải thông qua tổ chức nào.\r\n\r\nHôm 21/12, Toà án Công lý châu Âu (ECJ) ra phán quyết Super League vẫn được tổ chức, dù FIFA và UEFA phản đối. Với phán quyết từ ECJ, UEFA không còn quyền cấm hay đưa ra án phạt cho các CLB, cầu thủ hay HLV tham dự một giải đấu không thuộc hệ thống của họ.\r\n\r\nGiải Super League từng thông báo thành lập vào tháng 4/2021 với 12 CLB lớn ở châu Âu sáng lập. Sau đó, Liên đoàn bóng đá thế giới và Liên đoàn bóng đá châu Âu ra sức ngăn chặn sân chơi này, trong đó có vụ kiện ra tòa án Madrid (Tây Ban Nha). Các CLB lớn, đặc biệt là các đại diện Anh, lần lượt rút lui trước sức ép, chỉ còn Real, Barca và Juventus.\r\n\r\nVới phán quyết mới nhất của ECJ, dự án Super League sẽ được A22 khởi động trở lại trong tương lai gần. Vài tháng trước, Real, Barca và Juventus đã liên hệ với hàng chục đội bóng lớn ở châu Âu để bàn về thể thức của Super League.', '2023-12-21 17:00:00', 'nan', 0),
	('S1703229067229', 'Coca-Cola ra mắt bao bì Tết lấy cảm hứng từ Rồng triều Lý', 'Hình ảnh Rồng Vàng trên bao bì các sản phẩm Coca-Cola đón Tết nhằm truyền tải tinh thần lạc quan về năm mới Giáp Thìn thịnh vượng và sung túc.', 'https://i.imgur.com/RYmtm5A.png', 'Đời sốngTiêu dùngThứ sáu, 22/12/2023, 10:00 (GMT+7)\r\nCoca-Cola ra mắt bao bì Tết lấy cảm hứng từ Rồng triều Lý\r\nHình ảnh Rồng Vàng trên bao bì các sản phẩm Coca-Cola đón Tết nhằm truyền tải tinh thần lạc quan về năm mới Giáp Thìn thịnh vượng và sung túc.\r\n\r\nCoca-Cola vừa giới thiệu bao bì dành cho Tết Giáp Thìn. Đồng hành cùng cánh Én Vàng trên nền sắc đỏ mang đặc trưng của thương hiệu mỗi dịp Tết đến xuân về là hình ảnh rồng vàng được lấy cảm hứng từ Rồng thời Lý. Thiết kế là kết quả của sự kết hợp giữa thương hiệu và nhà thiết kế đồ họa Tòn Bùi.\r\n\r\nPGS. TS Dương Trung Quốc đánh giá cao yếu tố văn hóa được sử dụng trong chiến dịch chào đón Tết Nguyên Đán của Coca-Cola. Nhà sử học cho biết "Rồng Lý" được mô tả mộc mạc trong dân gian là "Rồng Giun" với cái đầu được cách điệu mà dân gian mường tượng là cái "vòi rồng" ban phát nguồn sống cho mùa màng. Trong triều đại Lý, việc sử dụng biểu tượng Rồng không chỉ thể hiện quyền lực của triều đại mà còn để tôn vinh và bảo vệ sự thịnh vượng của đất nước.\r\n\r\n"Hình tượng \'Rồng thời Lý\' là một thông điệp tốt đẹp thể hiện sự hiểu biết và sự tôn trọng của Coca-Cola đối với những giá trị cốt lõi mà người Việt Nam luôn trân trọng và tự hào. Hình dáng \'Rồng thời Lý\' trên nền màu đỏ truyền \r\nthống của sản phẩm càng phù hợp với tâm lý đón nhận \'hồng phúc\' khi đón chào một năm mới", nhà sử học nói.\r\n\r\nÔng cũng cho rằng một thay đổi nhỏ nhưng có thể tạo ra những ảnh hưởng lớn. Đưa biểu tượng Rồng vào bao bì Tết có thể xem như một cách gìn giữ và tôn vinh giá trị truyền thống, giúp các bạn trẻ hiểu hơn về di sản văn hóa dân tộc.\r\n\r\nKhông chỉ vậy, nhãn còn tung ra 100 phiên bản lon Coca-Cola Tết với 100 mỹ từ khác nhau được in trên thân lon, cầu chúc cho một năm mới tươi đẹp, gắn kết và trọn vẹn. Cụ thể, trên mỗi lon Coca-Cola xuất hiện những lời chúc may mắn, như "Thăng tiến", "Sum vầy", "Sung túc"... Với bộ sưu tập lời chúc này, người tiêu dùng sẽ có thêm nhiều hình thức để chúc mừng năm mới tới bạn bè, người thân.\r\n\r\nCòn chưa đầy 2 tháng nữa là Tết, người dùng đã có thể tìm mua sản phẩm Coca-Cola phiên bản Tết 2024 tại các đại lý toàn quốc và các sàn thương mại điện tử với nhiều ưu đãi cũng như phần thưởng, tượng trưng cho tài lộc đầu năm để bắt đầu một năm 2024.\r\n', '2023-12-22 07:11:07', 'Doisong', 0),
	('T1703229534170', '\'Báo chí chống tham nhũng đến cùng nhưng không được sách nhiễu\'', 'Ông Nguyễn Trọng Nghĩa yêu cầu báo chí đấu tranh quyết liệt, đến cùng với sai phạm, tham nhũng, tiêu cực nhưng không được lợi dụng, sách nhiễu. ', 'https://i.imgur.com/641XNg7.png', 'Tại hội nghị báo chí toàn quốc tổng kết năm 2023, triển khai nhiệm vụ năm 2024 tổ chức sáng 21/12, Trưởng ban Tuyên giáo Trung ương Nguyễn Trọng Nghĩa nói Đảng, Nhà nước luôn quan tâm đến báo chí. Sứ mệnh của báo chí, nỗ lực, bản lĩnh, tâm huyết của người làm báo đã được khẳng định.\r\n\r\nTuy nhiên, một bộ phận nhỏ người làm báo có biểu hiện suy thoái về tư tưởng chính trị, lối sống, đạo đức nghề nghiệp, "tự cho mình quyền đi dọa cơ quan, doanh nghiệp", có phóng viên đã bị khởi tố.\r\n\r\n"Báo chí phải nói đúng, viết đúng. Mỗi lần báo chí viết sai, doanh nghiệp mất uy tín, phải tốn hàng tỷ đồng, nhưng ai đền bù cho họ khi xác minh doanh nghiệp không sai", ông nêu vấn đề, cho biết hàng tuần Ban Tuyên giáo Trung ương nhận được nhiều kiến nghị của địa phương, doanh nghiệp phản ánh tình trạng báo chí viết sai sự thật. Ông yêu cầu các cơ quan báo chí không để tình trạng này tái diễn.\r\n\r\nTrưởng ban Tuyên giáo Trung ương cũng nêu thực trạng một số cơ quan né tránh báo chí trong khi đã có quy định về phát ngôn, cung cấp thông tin về các vấn đề dư luận quan tâm. "Việc né tránh báo chí khiến họ phải tìm thông tin nơi khác không rõ ràng, có thể khiến người dân hoang mang", ông nói.', '2023-12-22 07:18:54', 'Doisong', 0),
	('T1703238595631', 'Ba chị em đổ bánh xèo hút khách ở TP HCM', 'Quán bánh xèo của bà Kim Nhụy cùng ba cháu nội trên đường Đông Bắc, quận 12, thu hút nhiều người đến thưởng thức nhờ sự trổ tài của các bé.', 'https://i.imgur.com/afDcBTZ.png', '', '2023-12-22 09:49:55', 'buon', 0),
	('U1703214743998', 'Chủ tịch UEFA: \'Super League sẽ là giải đấu tuyệt vời với hai đội\'', 'Chủ tịch UEFA Aleksander Ceferin cho rằng Super League có thể tiếp tục triển khai, dù một loạt CLB lớn rút khỏi giải.', 'https://i.imgur.com/af3Z4VH.png', 'Hai đội được nhắc đến ở đây là Real Madrid và Barca, khi họ đã cam kết chuyển từ các giải UEFA sang Super League ngay từ khi giải đấu mới này lên dự thảo hơn hai năm trước. Ban đầu, còn có 10 CLB lớn khác ở châu Âu ủng hộ đề xuất này, nhưng sau đó họ lần lượt rút lui.\r\n\r\nHôm 21/12, Super League nóng trở lại khi Tòa án Công lý châu Âu (ECJ) không cho phép UEFA ngăn chặn giải đấu mới. Công ty tổ chức Super League A22 công bố thể thức thi đấu, với ba hạng gồm Star, Gold và Blue League, tổng cộng 64 đội. Trái với dự thảo tháng 4/2021, giải đấu mới sẽ có suất lên, xuống hạng.\r\n\r\nCeferin nói thêm rằng nhà tổ chức Super League có lẽ không hiểu chính họ đang làm gì. "Chúng ta không thể mua bán bóng đá", chủ tịch UEFA nói. "Chúng tôi đã nhiều lần chứng tỏ điều đó, thông qua giới chủ và người hâm mộ các đội năm 2021, và không có gì thay đổi điều đó".\r\n\r\nMan Utd là CLB lớn ở Anh đầu tiên lên tiếng phản đối Super League lần này. Sau đó Man City, Liverpool, Arsenal, Chelsea và Tottenham cũng thông báo họ muốn tiếp tục tham dự các giải của UEFA. Các đội lớn khác ở châu Âu như Bayern Munich, PSG, Dortmund, Atletico Madrid, Sevilla, Roma hay Inter cũng không muốn gia nhập Super League. Còn Juventus và Milan chưa thông báo chính thức lần này, dù họ từng rút khỏi Super League cách đây hai năm.\r\n\r\nNgoài Real và Barca, vẫn có một CLB mạnh ủng hộ Super League lần này, là Napoli. Chủ tịch Aurelio de Laurentiis nói rằng ông ủng hộ đề xuất của A22 và sẵn sàng đối thoại để gia nhập giải. Napoli ban đầu không thuộc nhóm 12 đội của Super League năm 2021.\r\n\r\nTheo Mundo Deportivo, Super League sẽ có giá trị 100 tỷ euro (khoảng 110 tỷ USD). Trong đó, các nhà đầu tư đã sẵn sàng bỏ túi 15 tỷ euro. Về lợi nhuận, nhà đầu tư sẽ nhận được 15%, phần còn lại được chia cho các đội bóng. Real và Barca được đảm bảo nhận 1 tỷ euro để ở lại Super League mãi mãi. Các đội đã cam kết tham gia mà sau đó rút lui, sẽ có nguy cơ bị phạt 300 triệu euro.', '2023-12-21 17:00:00', 'nan', 0),
	('U1703230925999', 'HoREA: Chung cư cao cấp giảm giá không đáng kể', 'Nhiều chủ đầu tư giảm giá chung cư cao cấp bằng chính sách chiết khấu, khuyến mãi, hậu mãi song không đáng kể và giá nhà vẫn neo cao, theo HoREA. ', 'https://i.imgur.com/xn1sTcL.png', 'Từ đầu năm đến nay, Thủ tướng đã nhiều lần có ý kiến về việc doanh nghiệp bất động sản cần cơ cấu lại phân khúc và giảm giá bán sản phẩm. Mục tiêu để người dân có khả năng tiếp cận nhà ở và gỡ khó cho thị trường.\r\n\r\nTuy nhiên, Hiệp hội Bất động sản TP HCM (HoREA) mới đây cho rằng các doanh nghiệp địa ốc đến nay chưa triển khai tích cực yêu cầu trên. Đối với các dự án nhà ở trung và cao cấp, một số chủ đầu tư đã giảm giá bán thông qua chính sách chiết khấu, khuyến mãi, hậu mãi có lợi cho khách hàng nhưng không đáng kể. Giải pháp này cũng nhằm "cố neo giữ giá" cho dự án.\r\n\r\nHoREA cho biết giá nhà tăng, ngoài các khoản chi phí xây dựng, nguyên vật liệu, nhân công, chi phí tài chính, quản lý đều tăng, còn có thêm những khoản không tên để dự phòng. Giá trị các khoản dự phòng không hề nhỏ, do không hợp lệ nên không được tính vào chi phí đầu tư. Tuy nhiên khoản này chủ đầu tư vẫn tính vào giá bán và người mua nhà phải gánh chịu.\r\n\r\nNgoài ra, có trường hợp dự án theo mục tiêu ban đầu là nhà ở bình dân hoặc trung cấp, sau đó lại được chủ đầu tư chuyển sang phân khúc cao hơn, thậm chí "thổi phồng" là nhà ở cao cấp để tối đa hóa lợi nhuận. Hệ quả là tình trạng lệch pha nghiêm trọng ở TP HCM trong 5 năm trở lại đây. Kể từ năm 2020, phân khúc nhà ở cao cấp liên tục chiếm hơn 70%, trong khi nhà ở bình dân gần như biến mất ba năm gần đây.\r\n\r\n"Giá nhà tăng liên tục nhiều năm qua, trên dưới 10% mỗi năm, dẫn đến tình trạng đầu cơ, găm giữ, làm méo mó thị trường và tiêu tốn nguồn lực lớn của xã hội", Chủ tịch HoREA Lê Hoàng Châu nói.', '2023-12-22 07:42:05', 'ngan', 0),
	('U1703232914871', 'Cao tốc La Sơn - Hòa Liên sẽ được mở rộng lên 4 làn xe', 'Đoạn La Sơn - Hòa Liên dài 64 km (thuộc dự án La Sơn - Túy Loan) đi qua Thừa Thiên Huế và TP Đà Nẵng sẽ được mở rộng từ 2 lên 4 làn xe, tổng vốn 3.010 tỷ đồng. ', 'https://i.imgur.com/hDPSHbo.jpeg', 'Ban Quản lý dự án đường Hồ Chí Minh vừa kiến nghị Bộ Giao thông Vận tải thẩm định, phê duyệt báo cáo nghiên cứu tiền khả thi dự án đầu tư xây dựng đường Hồ Chí Minh, đoạn La Sơn - Hòa Liên. Đoạn này đi trùng với cao tốc Bắc Nam qua Thừa Thiên Huế, Đà Nẵng.\r\n\r\nĐiểm đầu dự án kết nối cao tốc Cam Lộ - La Sơn tại thị trấn La Sơn, huyện Phú Lộc, tỉnh Thừa Thiên Huế, điểm cuối tại nút giao Hòa Liên, thuộc xã Hòa Liên, huyện Hòa Vang, TP Đà Nẵng. Tuyến đường dài khoảng 64 km, trong đó qua tỉnh Thừa Thiên Huế 35 km, qua TP Đà Nẵng 29 km.\r\n\r\nTheo Ban quản lý dự án đường Hồ Chí Minh, dự án sẽ mở rộng mặt đường và các công trình cầu theo quy mô phân kỳ cao tốc 4 làn xe hoàn chỉnh, nền đường rộng 22 m. Tổng mức đầu tư ước tính 3.010 tỷ đồng từ ngân sách nhà nước. Nếu được phê duyệt, công trình sẽ hoàn thành vào năm 2025.\r\n\r\nTuyến đường đã được giải phóng mặt bằng với 4 làn xe, chiều rộng 22 m nên có thể đẩy nhanh tiến độ. Quy mô 4 làn xe hoàn chỉnh cũng phù hợp đoạn Hòa Liên - Túy Loan đang được đầu tư xây dựng.\r\n\r\nDự án cao tốc La Sơn - Túy Loan khởi công vào tháng 12/2013, dài 77 km, tổng đầu tư gần 11.500 tỷ đồng theo hình thức hợp đồng BT. Trong đó đoạn La Sơn - Hòa Liên dài 66 km, quy mô 2 làn xe, bề rộng mặt đường 12 m, tốc độ thiết kế 60 km/h, đã đưa vào khai thác. Đoạn này đã được Chính phủ chỉ đạo nghiên cứu mở rộng, xóa tình trạng cao tốc 2 làn xe.\r\n\r\nHiện cả nước có 5 tuyến cao tốc chỉ 2 làn xe gồm Cam Lộ - La Sơn, La Sơn - Hòa Liên, Yên Bái - Lào Cai, Hòa Lạc - Hòa Bình, Thái Nguyên - Chợ Mới.', '2023-12-22 08:15:14', 'Duhocsinh', 0),
	('U1703238479296', 'Lịch sử 60 năm món mỳ cay Hàn Quốc', 'Ramyeon - mỳ Hàn Quốc với vị cay độc đáo ra đời từ thập niên 1960, chuyển mình thành món ăn được yêu thích trên thế giới.', 'https://i.imgur.com/pkgep0E.png', 'Sau Thế chiến II, mỳ gói phổ biến khắp châu Á do tình hình kinh tế khó khăn cũng như việc thúc đẩy phân phối lúa mỳ hàng loạt vào Đông Á. Cùng thời điểm này, để giải quyết vấn đề thiếu gạo trong nước, chính phủ Hàn Quốc khuyến khích người dân ăn cơm độn ngũ cốc và thức ăn làm bằng bột mỳ để thay thế gạo, theo chính sách "bữa ăn hỗn hợp".\r\n\r\nNhìn nhận được cơ hội kinh doanh, các doanh nhân Hàn Quốc nhanh chóng tham gia vào thị trường và tạo ra những sản phẩm mỳ mang hương vị đặc trưng riêng. Cùng sự hỗ trợ từ nhà nước, ngành sản xuất mỳ và doanh thu bán ramyeon phát triển nhanh chóng.\r\n\r\nBan đầu, mỳ Hàn Quốc không có vị cay nổi bật như hiện nay, sử dụng loại nước dùng trắng, thanh ngọt từ thịt gà. Hương vị này không phải lựa chọn phù hợp với đa số người Hàn - những người vốn dĩ thích ăn cay. Là người ủng hộ và thích ăn mỳ, năm 1966, Tổng thống Park Chung Hee đề xuất các công ty sản xuất mỳ cần thêm ớt bột, nhằm đáp ứng nhu cầu người tiêu dùng tốt hơn.\r\n\r\nTừ đó, ngành công nghiệp mỳ gói Hàn Quốc dần chuyển sang sử dụng nước dùng từ thịt bò và thêm nhiều bột ớt để hương vị cay nồng hơn. Với ảnh hưởng của Tổng thống Park giai đoạn đó, thị trường mỳ Hàn Quốc biến đổi và phát triển mạnh mẽ. Những năm 1980 là thời kỳ phát triển đỉnh cao của ramyeon, với nhiều loại hình được ra mắt, bán và cạnh tranh gay gắt.\r\n\r\nĐến những năm 2000, Hàn Quốc bắt đầu xuất khẩu ramyeon ra thị trường quốc tế. Các doanh nghiệp dần mở rộng thị trường và thiết lập nhà máy sản xuất ở nhiều quốc gia, ra đời nhiều thương hiệu nổi tiếng hiện nay như Paldo, Nongshim, Samyang...\r\n\r\nTừ đây, ramyeon trở thành biểu tượng của văn hóa ẩm thực Hàn Quốc. Với đa dạng hương vị, kiểu chế biến trộn và nước, ramyeon mang đến trải nghiệm vị giác đậm đà, nổi bật, đặc trưng với hương vị cay nồng, quyện với sợi mỳ dày dai.\r\n\r\nTại Việt Nam, ramyeon thâm nhập vào thị trường khoảng năm 2014 cùng xu hướng mỳ cay 7 cấp độ, nhanh chóng gây sốt trong giới trẻ. Nhiều quán mỳ cay mở ra tại các thành phố lớn như Hà Nội, TP HCM, Đà Nẵng... Độ cay của thố mỳ được chia thành 7 cấp. Cấp 1 tương đương độ cay gấp 3 lần tương ớt hoặc 9 thìa cà phê ớt bột, mỗi cấp cách nhau 3 thìa ớt, đến cấp 7 là nguyên 3 trái ớt khô siêu cay Sasin hoặc Naga. Điều này kích thích sự tò mò của người dùng đến trải nghiệm thử thách mỳ cay Hàn Quốc.\r\n\r\nNhững năm gần đây, Việt Nam vượt Hàn Quốc trở thành nước tiêu thụ mỳ cao nhất thế giới, tạo động lực cho những thương hiệu mỳ tăng trưởng. Theo tờ Koreal Herald, mỗi người dân Việt Nam trung bình sử dụng 87 gói mỳ trong năm 2021, cao hơn mức 73 gói của người dân Hàn Quốc. Trong khi đó, theo Hiệp hội mỳ thế giới, Việt Nam là quốc gia đứng thứ ba về quy mô tiêu thụ với 8,56 tỷ gói trong năm 2021, chỉ sau Trung Quốc và Indonesia.', '2023-12-22 09:47:59', 'buon', 0),
	('V1703214080561', 'Australia định siết nhập cư để kiềm chế giá nhà', 'Giới chức Australia đang nghĩ đến việc hạn chế nhập cư khi giá nhà nước này tiếp tục leo lên mức cao mới.', 'https://i.imgur.com/S9ygNYb.png', 'Giới chức Australia đang nghĩ đến việc hạn chế nhập cư khi giá nhà nước này tiếp tục leo lên mức cao mới.\r\n\r\nGiá nhà ở Australia vừa đạt mức cao mới tại nơi vốn đã là một trong những thị trường bất động sản đắt đỏ nhất thế giới. Ngân hàng trung ương Australia đã tăng lãi suất với tốc độ kỷ lục kể từ tháng 5/2022, nhưng giá bất động sản trung bình toàn quốc vẫn tăng khoảng 7% trong một năm qua, theo WSJ.\r\n\r\nDịch vụ tài chính CoreLogic cho biết giá nhà tại nước này đã quay lại mức kỷ lục tháng 4/2022 (phục hồi toàn bộ mức giảm 7,5% so với đỉnh trước đó). Đến giữa tháng 11, chỉ số giá trị nhà do CoreLogic tính toán đã tăng hơn 8,1% so với hồi cuối tháng 1/2023. Trong đó, Sydney, Brisbane và Perth tăng hơn 10%.\r\n\r\nHiện giá nhà trung bình, tính chung các loại nhà, ở Australia đã trên 750.000 đôla Australia (503.000 USD). Mức cao nhất ghi nhận ở Sydney, với 1,12 triệu đôla Australia (755.000 USD). Trong khi, nơi có giá phải chăng nhất là Darwin, xấp xỉ 500.000 đôla Australia (335.000 USD)\r\n\r\nDòng người di cư đến nước này tăng mạnh thời gian qua được chỉ ra là một trong những nguyên nhân chính khiến giá nhà leo thang bất chấp lãi suất tăng. Đất nước 26 triệu dân này đã đón kỷ lục 510.000 lượt di dân trong năm tài chính gần nhất, cao hơn 20% so với dự kiến của chính phủ.\r\nAtif Riaz, 35 tuổi, chuyển đến Australia từ Pakistan khoảng 4 năm trước. Anh và gia đình đã tìm mua nhà ở ngoại ô Sydney hai năm qua nhưng không dành đủ tiền vì giá bất động sản và chi phí sinh hoạt tăng cao. Tiền thuê nhà của anh đã tăng 30% trong năm qua. Gần đây, anh tìm đến các vùng ngoại ô cách trung tâm một giờ lái xe. Tại đó, giá nhà khoảng 700.000 đôla Australia, tương đương khoảng 460.000 USD. "Ngày qua ngày, khả năng vay mượn của bạn giảm đi", Riaz nói.\r\n\r\nShelley McGonigal, Điều hành một cơ quan tái định cư tại Brisbane cho biết ngay cả những gia đình có thu nhập tốt cũng đang rời xa công việc để tìm một nơi nào đó mà họ có đủ khả năng sinh sống. Lesleyanne Hawthorne, chuyên gia về vấn đề di cư tại Đại học Melbourne xác nhận đang có mối lo ngại lớn về mối tương quan giữa tình trạng thiếu nhà ở và quy mô người di cư tạm thời đến Australia.\r\n\r\nĐể giúp giá nhà phải chăng hơn, giới chức Australia đang có kế hoạch hạn chế tình trạng di cư. Dự kiến, một chính sách mới sẽ được công bố tuần này giúp giảm 14% số người di cư trong bốn năm tới so với dự kiến.', '2023-12-21 17:00:00', 'nao', 0),
	('V1703238378714', 'Khánh thành quần thể vui chơi, giải trí, mua sắm xuyên đêm', 'HÀ NỘI - Mega Grand World, quần thể ẩm thực vui chơi giải trí mua sắm xuyên đêm hứa hẹn là điểm đến mới trên bản đồ du lịch thủ đô. ', 'https://i.imgur.com/Ce0bRBZ.png', 'Nhân dịp khai trương, tại Mega Grand World Hà Nội sẽ diễn ra chuỗi hoạt động:\r\n- Đại tiệc khai trương La Fiesta Night và công diễn Show diễn thực cảnh The Grand Voyage vào ngày 21/12 với sự góp mặt của ca sĩ Văn Mai Hương và Quán quân Việt Na Idol 2023 Hà An Huy\r\n- Hoạt động Giáng sinh Venice L\'amour trong 2 ngày 23 và 24/12\r\n- Lễ hội trải nghiệm văn hoá Nhật Bản Japan Wave 10: Masquerade - Trip to Venice trong 2 ngày 29 và 30/12\r\n- Đại nhạc hội và bắn pháo hoa mừng năm mới The Greatest Show vào ngày 31/12 với sự góp mặt của Diva Hồng Nhung, Mono, Yến Trang', '2023-12-22 09:46:18', 'buon', 0),
	('W1703212922487', 'Hàng dài xe ngược chiều ở ngã tư Nguyễn Trãi - Khuất Duy Tiến', 'HÀ NỘIThay vì phải đi vòng một km, nhiều người muốn thuận tiện, tránh tắc đường, bất chấp nguy hiểm đi ngược chiều từ Nguyễn Trãi sang Khuất Duy Tiến.', 'https://i.imgur.com/tAVAWI8.png', '', '2023-12-21 17:00:00', 'hao', 0),
	('W1703213255927', 'Người Nhật sáng tạo chiến thuật đối phó gấu hoang', 'Nhật hàng năm loại bỏ hàng nghìn cá thể gấu do tình trạng gấu tấn công tăng cao, song Tanaka ở Karuizawa có một chiến thuật ít đẫm máu hơn. ', 'https://i.imgur.com/Aqsg90d.png', 'Nhật hàng năm loại bỏ hàng nghìn cá thể gấu do tình trạng gấu tấn công tăng cao, song Tanaka ở Karuizawa có một chiến thuật ít đẫm máu hơn.\r\n\r\nXu hướng nhiều người rời khỏi vùng nông thôn, tình trạng già hóa dân số và biến đổi khí hậu ở Nhật Bản đang ảnh hưởng đến nguồn thức ăn và thời gian ngủ đông của gấu và thúc đẩy ngày càng nhiều cá thể đến gần các thị trấn kiếm ăn.\r\n\r\nMột số khu vực khi nhận số lượng gấu tăng gấp 3 lần trong hơn một thập kỷ. Số người nhìn thấy gấu đã tăng gần gấp đôi trong năm nay. Hàng loạt vụ gấu tấn công người đã làm dấy lên làn sóng báo động.\r\n\r\n6 người đã thiệt mạng, 212 người bị thương do gấu tấn công trong năm nay, đánh dấu năm thương vong cao nhất kể từ khi Nhật ghi nhận dữ liệu năm 2006. Các chuyên gia cho rằng số vụ gấu tấn công gia tăng năm nay do lượng hạt sồi và những thức ăn khác của gấu giảm, trong khi lượng thức ăn năm ngoái tăng vọt khiến số gấu con tăng mạnh. Số lượng gấu nâu tại Hokkaido hiện đạt 11.700 con, tăng hơn gấp đôi so với năm 1990.\r\n\r\nNước này tiêu diệt trung bình 4.900 cá thể mỗi năm trong 5 năm qua, theo Bộ Môi trường. Trong năm tài khóa 2023 (từ tháng 4/2023 đến tháng 3/2024), tính đến cuối tháng 11, gần 6.300 cá thể đã bị tiêu diệt, trong đó có 2.000 cá thể bị loại bỏ chỉ trong tháng 11. Cách thức thông thường là sử dụng súng.\r\n\r\n"Năm nay, con số này dự kiến lên tới 8.000 con", Junpei Tanaka, chuyên gia về gấu tại Trung tâm Nghiên cứu Động vật Hoang dã Picchio, nói, chỉ ra điều này tạo nỗi bất an tại một quốc gia sống hòa hợp với thiên nhiên như Nhật Bản, với 3/4 diện tích là đồi núi.', '2023-12-21 17:00:00', 'nao', 0),
	('W1703215001523', 'Ngoại hạng Anh 23/12/2023', '', 'https://i.imgur.com/rxKMiwl.png', '', '2023-12-21 17:00:00', 'nan', 0),
	('W1703234327806', 'Bình Định quảng bá sản phẩm OCOP tại TP HCM', 'Nhiều doanh nghiệp Bình Định giới thiệu sản phẩm OCOP và tìm cơ hội kết nối cung cầu hàng hóa trong sự kiện tại TP HCM, ngày 21/12. ', 'https://i.imgur.com/xwWt4zQ.png', 'Các sản phẩm Bình Định được giới thiệu, kết nối cung cầu tại TP HCM đợt này gồm bánh kẹo, bột ngũ cốc, nem chả, bánh ít. Đây đều là những sản phẩm OCOP nổi bật của tỉnh. Ngoài ra, tỉnh còn trình diễn ba không gian văn hóa làng nghề gồm nấu rượu bầu đá, gói bánh ít, gói nem chua.\r\n\r\nChuỗi hoạt động kết nối cung cầu còn có chương trình trao đổi trực tiếp giữa 12 hệ thống phân phối lớn, 5 sàn thương mại điện tử và hơn 1.000 nhà cung cấp đến từ các tỉnh, thành phố. Các đơn vị hỗ trợ thúc đẩy thương mại điện tử, kết nối cung cầu trực tuyến, kết hợp phân phối trực tiếp và trực tuyến. Thông qua sự kiện, các sản phẩm địa phương được quảng bá đến nhiều người, hỗ trợ tiêu thụ sản phẩm, vừa bổ sung nguồn hàng bình ổn đáp ứng nhu cầu thị trường cận Tết.\r\n\r\nViệc giới thiệu sản phẩm tại TP HCM là một trong nhiều hoạt động của Bình Định để kích cầu tiêu dùng, tìm đầu ra bền vững cho các sản phẩm OCOP.\r\n\r\nTrước đó, ngày 20/12, TP Quy Nhơn cũng ra mắt điểm kết nối, giới thiệu sản phẩm OCOP. Địa điểm này trưng bày, kinh doanh gần 100 sản phẩm OCOP từ 3 sao đến 4 sao cùng nhiều sản phẩm đặc sản của các huyện, thị, thành phố trong toàn tỉnh. Điểm trưng bày hỗ trợ các doanh nghiệp tiêu thụ, quảng bá trên các sàn thương mại điện tử, mạng xã hội Facebook, Zalo, TikTok... Bên cạnh đó, trung tâm xây dựng quy trình chăm sóc khách hàng cho doanh nghiệp, hướng dẫn quảng bá, xúc tiến tiêu thụ sản phẩm trên sàn thương mại điện tử.\r\n\r\nTương tự, huyện Hoài Ân cũng đưa vào sử dụng trung tâm trưng bày, giới thiệu các sản phẩm chủ lực. Trung tâm gồm nhiều khu trưng bày sản phẩm bún, bánh, dầu thực vật, mật ong; khu trưng bày trái cây, rau củ quả sạch; sản phẩm gạo hữu cơ và các loại đậu; khu tủ đông, tủ mát trưng bày các loại sản phẩm thịt gia súc, gia cầm đông lạnh; khu thu mua, sơ chế đóng gói sản phẩm. Đây là điểm giới thiệu, quảng bá các sản phẩm nông nghiệp chủ lực đảm bảo đạt chứng nhận OCOP, chứng nhận VietGAP, hữu cơ do nông dân trên địa bàn huyện Hoài Ân trực tiếp nuôi trồng, sản xuất.\r\n\r\nBình Định hiện có 217 sản phẩm được công nhận đạt chuẩn OCOP, trong đó có 6 sản phẩm được xếp hạng "tiềm năng 5 sao". Ngoài ra, 34 sản phẩm đạt 4 sao, 177 sản phẩm đạt 3 sao.', '2023-12-22 08:38:47', 'vui', 0),
	('W1703236307501', 'Hội chứng mất động lực sau khi thi marathon', 'Sau thời gian dài rèn luyện rồi dốc sức khi vào cuộc đua marathon, runner dễ có xu hướng buồn chán, trống rỗng và ngại tập. ', 'https://i.imgur.com/DB0DRVU.jpeg', 'Trở về sau lần đầu vô địch marathon thế giới năm 1983, Grete Waitz cho biết cô cảm thấy "trống rỗng và vô nghĩa như đường hầm". Cảm giác ấy thậm chí xuất hiện ngay từ khi Waitz bước qua đường hầm để rời sân vận động. Joan Benoit - nhà vô địch marathon đầu tiên của Olympic nữ, giành HC vàng tại Los Angeles 1984 - thì viết trong hồi ký cảm thấy trống rỗng sau những cuộc đua lớn, và đôi khi không thể rũ bỏ được tâm trạng tồi tệ đó sau nhiều tuần.\r\n\r\nTình trạng bất ổn sau cuộc đua này có thể là một trong số ít những điểm chung của hầu hết runner nghiệp dư với những VĐV đỉnh cao.\r\n\r\nNhưng theo trang Podium Runner, nếu cảm thấy bất ổn sau khi dự giải chạy marathon, thì bạn không đơn độc, điên rồ và không cần phải che giấu điều đó. Trên thực tế, việc thừa nhận những gì bạn cảm thấy mang tính xây dựng. Mark Coogan, HLV của đội chạy New Balance Boston, nhận thấy xu hướng tích cực trong việc nhận ra "các VĐV không là người máy, mà là con người bình thường" - sự thừa nhận rằng, bất kể trình độ khả năng của bạn như thế nào, việc chạy và thi đấu đều rất khó khăn và không chỉ về cơ thể.\r\n\r\nNỗi ám ảnh lớn\r\n\r\n"Tôi luôn gặp sự cố nghiêm trọng sau một cuộc chạy marathon", Ben Rosario, HLV của đội chạy HOKA NAZ Elite, kể. Rosario xem việc không còn mục tiêu cụ thể sau nhiều tháng tập luyện chăm chỉ là vấn đề lớn. "Việc tập luyện marathon mang đến mức độ gây nghiện. Bạn đã dành nhiều tháng trời cho việc này, nó thôi thúc bạn thức dậy vào buổi sáng, cố gắng tập luyện. Và rồi nó biến mất", HLV này nói.\r\n\r\nAmy Begley, cựu VĐV Olympic 2008 và HLV của CLB điền kinh Atlanta, đồng ý với nhận định của Rosario, so sánh việc hoàn thành giải marathon như "đi xuống từ một độ cao đáng kinh ngạc". Cô nói thêm: "Có một hố đen mà bạn quay trở lại và rất nhiều người không hiểu. Mọi người nói rằng bạn nên hạnh phúc và phấn khích". Đôi khi, bạn cảm thấy như vậy, những lần khác thì ít hơn. Và tâm trạng này không nhất thiết phải gắn liền với kết quả hay thành tích chạy marathon.\r\n\r\nKỳ vọng và thực tế\r\n\r\nBạn có thể cảm thấy tồi tệ hơn sau những cuộc đua thắng lợi. Nhà vô địch marathon Jack Fultz, hiện là nhà tâm lý học thể thao và HLV chạy bộ, nhớ lại rằng trong tất cả các cuộc chạy marathon, ông cảm thấy thất vọng "một cách sâu sắc nhất" sau khi vô địch Boston 1976.', '2023-12-22 09:11:47', 'vui', 0),
	('X1703227759752', 'Hơn 50 học sinh nghi ngộ độc sau bữa ăn ở trường', 'THANH HÓAHơn 50 học sinh phải nghỉ học hoặc nhập viện vì đau bụng, đi ngoài sau khi dùng bữa trưa tại trường Tiểu học Điện Biên 1.', 'https://i.imgur.com/j3uFQ0F.png', 'Ngày 22/12, trường Tiểu học Điện Biên 1, phường Điện Biên, TP Thanh Hóa, cho hay đến khoảng 9h, có hơn 50 học sinh nghỉ học hoặc xin về nhà. Các em đau bụng, chóng mặt, buồn nôn, một số được phụ huynh đưa đi kiểm tra sức khỏe.\r\n\r\nTheo bà Trần Thị Vân, Hiệu trưởng, sau bữa ăn trưa ở trường hôm qua, một số học sinh đã có biểu hiện rối loạn tiêu hóa, được đưa đến phòng Y tế của trường kiểm tra. Đến đêm qua và rạng sáng nay, nhiều học sinh có dấu hiệu nặng hơn nên được phụ huynh đưa đến cơ sở y tế điều trị.\r\n\r\nLãnh đạo Bệnh viện Đa khoa TP Thanh Hóa xác nhận có hai học sinh đang điều trị tại đây, sức khỏe hiện ổn định. Còn tại Bệnh viện Nhi tỉnh, tối qua có 7 em nhập viện với các triệu chứng đau bụng, chóng mặt buồn nôn, đi ngoài. Bác sĩ Lê Đăng Khoa, Giám đốc Bệnh viện, cho hay ba trẻ đã được xuất viện.\r\n\r\nBà Vân nói chưa nắm được số học sinh nhập viện do các em rải rác ở nhiều cơ sở y tế.\r\n\r\nTheo bà Vân, nhà trường ký hợp đồng cung cấp suất ăn cho học sinh với một doanh nghiệp. Bữa trưa ngày 21/12 cho gần 1.390 học sinh của trường gồm chả cá, rau cải xào thịt, canh bí đỏ nấu thịt lợn băm, tráng miệng là món củ đậu; bữa phụ buổi chiều là món cháo thịt băm.\r\n\r\nChi cục An toàn vệ sinh thực phẩm tỉnh Thanh Hóa đang lấy mẫu thức ăn để giám định. Lãnh đạo đơn vị này nhận định học sinh có thể bị "rối loạn tiêu hóa liên quan thức ăn", song cần chờ kết quả giám định mới biết chính xác nguyên nhân.', '2023-12-22 06:49:19', 'kamvip', 0),
	('X1703233293867', 'Alcaraz được dự đoán nối bước Djokovic', 'Theo tay vợt cựu số hai thế giới Alex Corretja, Carlos Alcaraz có đủ kỹ năng để vô địch mọi mặt sân, như cách Novak Djokovic đã làm. ', 'https://i.imgur.com/JSDkoiR.png', 'Theo Corretja, người hai lần vào chung kết Roland Garros, Alcaraz có kỹ năng toàn diện và tâm lý ổn định dù mới 20 tuổi. Ngay cả Roger Federer và Novak Djokovic cũng không thành công như Alcaraz ở độ tuổi tương tự. "Sau khi Alcaraz bị chuột rút ở trận gặp Djokovic, tôi nghĩ cậu ấy sẽ bớt lo lắng một chút ở giải năm tới. Cậu ấy có kinh nghiệm xử lý chuyện đó theo cách khác", Corretja nói thêm.\r\n\r\nAlcaraz thua Djokovic ở tứ kết Roland Garros mùa này, sau khi bị chuột rút vì căng cứng tâm lý. Anh sau đó trở lại và thắng đàn anh Serbia ở chung kết Wimbledon. Tới cuối mùa, Alcaraz vào bán kết Mỹ Mở rộng nhưng thua Daniil Medvedev. Tay vợt Tây Ban Nha sau đó thua Djokovic ở bán kết ATP Finals.\r\n\r\nTheo Corretja, sự trở lại của Rafael Nadal sẽ làm giảm bớt áp lực kỳ vọng lên Alcaraz ở mùa 2024. Ông nói: "Australia Mở rộng là sự kiện hoàn hảo cho Alcaraz. Điều kiện thi đấu ở đó tương tự Mỹ Mở rộng. Cảm hứng của Alcaraz sẽ nhiều hơn vì năm ngoái không thi đấu ở đó".\r\n\r\nNadal sẽ dự Australia Mở rộng nhờ luật bảo vệ thứ bậc của ATP nhưng không phải hạt giống. "Vua đất nện" vì thế có thể gặp bất cứ hạt giống nào ở vòng đầu, gồm Alcaraz và Djokovic.', '2023-12-22 08:21:33', 'Duhocsinh', 0),
	('X1703236226771', 'Xác định tần suất đi race cho các runner', 'Trên trang chủ Strava, HLV chạy bộ Matt Fitzgerald gợi ý cho runner các bước để xác định tần suất đi dự các giải đấu trong một mùa giải.', 'https://i.imgur.com/dOEjnIy.png', 'Đại dịch Covid-19 đã nhắc nhở các runner về điều mà nhiều người thường xem nhẹ, đó là việc họ tập luyện để thi đấu. Việc hủy bỏ hàng loạt giải khiến nhiều runner đột nhiên bị mất đi động lực lớn nhất và gặp khó khăn trong việc duy trì kế hoạch tập luyện.\r\n\r\nNhưng đại dịch đã qua đi và các giải đấu đã trở lại, các runner lại có thể tự do race bao nhiêu lần tùy thích. Nhưng một runner nên race với tần suất thế nào? Không có câu trả lời đúng duy nhất cho tất cả các runner với câu hỏi này. Vì thế, theo HLV Fitzgerald, runner các yếu tố quan trọng cần xem xét để từ đó quyết định lịch trình đua phù hợp nhất với mình.\r\n\r\nChuyên gia đến từ CLB Dream Run Camp, bang Arizona, Mỹ đưa ra ba lý do sau để runner có thể tính toán đi race nhiều hơn.\r\n\r\nXem đi race là cách luyện tập tốt\r\n\r\nCách tốt nhất để đạt thành tích cao hơn khi vào race chính là thi đấu. Ngay cả các giải "B" hay "C" có mức độ ưu tiên thấp cũng mang lại cho các runner cơ hội để làm quen với khâu chuẩn bị, khởi động, tiếp năng lượng, kỹ năng tinh thần và nhịp độ, đồng thời làm quen với cảm giác đặc biệt chỉ có trong một cuộc thi.\r\n\r\nVì thế, bạn nên dự một giải như vậy trước mỗi giải "A" có mức độ ưu tiên cao nhất. Ví dụ, bạn có thể chạy half marathon với tư cách là giải "B" khoảng năm tuần trước khi chạy marathon. Hãy tận dụng giải "B" đó để thử những điều mới, khắc phục những khó khăn trong thói quen thi đấu, và nhắc nhở bản thân rằng cuộc đua khó khăn như thế nào trước giải đấu quan trọng nhất.\r\n\r\nDuy trì sự tập trung và có động lực\r\n\r\nNhiều runner cảm thấy khó tập trung và có động lực trong lúc tập luyện nếu không thi đấu trong thời gian dài. Vì thế, theo Fitzgerald, các runner đang theo đuổi các mục tiêu dài hạn lớn nên đặt ra những mục tiêu thi đấu ngắn hạn hơn như một cách giúp họ tập trung và có động lực.\r\n\r\nGiả sử bạn cần một năm để chuẩn bị cho giải trail 100km đầu tiên. Trong trường hợp này, bạn có thể chia một năm đó thành ba chu kỳ riêng biệt kéo dài từ 16 đến 18 tuần và thi đấu cự ly ngắn hơn vào cuối hai chu kỳ đầu tiên, trước khi chạy 100km vào chu kỳ cuối.\r\n\r\nChuyên chạy khoảng cách ngắn hơn\r\n\r\nCác cuộc đua với quãng đường dài hơn đòi hỏi nhiều thời gian chuẩn bị hơn và mất nhiều thời gian hơn để phục hồi so với các cuộc đua ngắn hơn. Đó là lý do những eltie cự ly trung bình có thể thi đấu hơn 10 giải, trong khi những VĐV marathon thường thi đấu dưới năm giải mỗi năm dương lịch. Vì thế, nếu chuyên chạy quãng đường dài nhưng lại thích race nhiều, runner có thể cân nhắc việc dự vài giải cự ly ngắn hơn giữa các cuộc đua dài hơn.\r\n\r\nBên cạnh đó, HLV Fitzgerald cũng đưa ra thêm hai lý do để runner thi đấu với tần suất ít hơn.\r\n\r\nGián đoạn kế hoạch tập luyện\r\n\r\nFitzgerald ví các cuộc đua như kẻ thù của việc tập luyện. Ông quan niệm mỗi lần thi đấu sẽ làm gián đoạn quá trình tập luyện của VĐV vì phải nghỉ ngơi vài ngày cả trước cũng như sau khi dự giải.\r\n\r\nThành tích thi đấu đỉnh cao đòi hỏi thể lực cao nhất, do đó, VĐV phải luyện tập nhất quán và tiến bộ. Các cuộc đua cản trở sự nhất quán trong tập luyện, nên Fitzgerald thường nhắn nhủ các runner rằng "Các bạn có thể thi đấu thường xuyên, hoặc đạt thành tích tốt. Hãy tự lựa chọn".\r\n\r\nBảng dưới đây là ví dụ về lịch tập luyện và thi đấu dành cho những VĐV thích dự giải nhưng muốn tránh ảnh hưởng đến thể lực và thành tích do thi đấu quá thường xuyên. Bảng này chỉ nhằm mục đích minh họa cho một chu kỳ tập luyện dài 18 tuần, và không nên được hiểu là kế hoạch cứng nhắc.', '2023-12-22 09:10:26', 'vui', 0),
	('X1703238010647', 'Người Hà Nội biến bãi rác thành rừng trong phố', 'Công viên rừng Chương Dương trước đây là bãi rác gần 9.000 m2 được người dân phố Hàm Tử Quan, quận Hoàn Kiếm dọn sạch, trồng cây, kéo điện và lắp đặt máy tập thể dục.', 'https://i.imgur.com/H2BTi9R.jpeg', 'Khu vực mà bà Hương, bà Thủy cùng nhiều người dân ở phường Chương Dương đang sinh hoạt gọi là Công viên rừng Chương Dương hay Công viên rừng bên bờ vở sông Hồng (bờ vở là cách người dân sống tại đây nói về dải đất ven sông). Trước đây khu vực này là nơi tập kết rác, nước thải sinh hoạt bốc mùi hôi thối, nhiều muỗi, côn trùng. Đây cũng là nơi nhiều đối tượng nghiện hút, thành phần bất hảo thường tụ tập khiến cư dân không dám đến.\r\n\r\n"Chúng tôi nhiều lần cắm biển cấm đổ rác, yêu cầu giữ gìn vệ sinh chung nhưng không ai nghe, nhất là các thành phần bất hảo, nên lực bất tòng tâm", bà Thủy kể.\r\n\r\nNăm 2019, nhóm "Mạng lưới Vì một Hà Nội đáng sống" tập hợp các kiến trúc sư, nhà hoạt động xã hội đề xuất giải pháp biến bãi rác này thành khu vui chơi cho người dân. Giai đoạn một đi vào hoạt động từ năm 2021, với một khu vườn rừng và sân chơi rộng khoảng 3.000 m2. Giai đoạn 2 tiến hành từ tháng 7/2022, bàn giao đầu năm 2023 với ba hạng mục: Vườn rừng trồng các loại rau, loại thuốc nam của phụ nữ; Vườn giác quan trồng các loại cây, loại hoa để mọi người khám phá và khu tập luyện thể dục, thể thao và vui chơi, nâng tổng diện tích lên 9.000 m2.\r\n\r\nÔng Nguyễn Tiêu Quốc Đạt, Giám đốc Thinks Playground, đơn vị lập quy hoạch dự án, cho biết công viên rừng là khái niệm còn mới ở Việt Nam nhưng khá phổ biến trên thế giới. Các công trình này thường được tái tạo dựa trên tàn tích còn sót lại của vùng hoang dã hoặc bán hoang dã.\r\n\r\nKhảo sát thực địa, ông Đạt nhận thấy bờ vở sông Hồng đoạn thuộc địa phận phường Chương Dương phù hợp mô hình này. Nơi đây tập trung cây cối bản địa đồng thời cũng nhiều cây ăn quả do người dân trồng. Đặc biệt đây cũng là vùng chim di cư bay qua tạo hệ sinh thái đa dạng nên cần được quy hoạch, tạo sân chơi chung.\r\n\r\nĐơn vị của ông Đạt tiến hành phá bỏ một số cây xâm lấn, bổ sung một số loại cây bóng mát, cây bò dưới mặt đất như muối, dền, cam thảo và trồng thêm một số giống phèn đen, trắng, ráy làm thức ăn cho chim. "Nhưng để giữ công viên rừng xanh, sạch tránh được sự hoang hóa như hiện tại không thể thiếu sự chung tay góp sức của người dân", ông Đạt nói.\r\n\r\nGiám đốc dự án cũng nhấn mạnh ngoài bảo vệ cảnh quan, mô hình công viên rừng còn tạo sân chơi chung, phục vụ nhu cầu vui chơi, giải trí đang bị thiếu hụt của trẻ nhỏ trên địa bàn.', '2023-12-22 09:40:10', 'buon', 0),
	('Y1703213102897', 'Tuổi tác đè nặng sức chiến đấu của lính Ukraine', 'Nhiều lính Ukraine đang chiến đấu ở tiền tuyến đã trên 40 tuổi, điều kiện thể chất giảm sút khiến họ khó hoàn thành nhiệm vụ chiến đấu.\r\n\r\nTrong lúc nghỉ ngơi giữa những trận đánh bảo vệ thành phố Avdeevka, điểm nóng chiến sự ở tỉnh Donetsk, một lính bộ binh Ukraine mang mật danh Dubok với mái tóc hoa râm nhớ lại ngày ông bị gọi nhập ngũ khi vừa đến tiệm cắt tóc ở quê nhà.\r\n\r\nBa sĩ quan tuyển quân áp sát, yêu cầu ông lên xe rồi đưa tới trung tâm quân dịch địa phương. Ông bị nhốt suốt hai ngày trong phòng tối, cho đến khi chấp nhận ký vào đơn nhập ngũ.\r\n\r\n"Tôi được cắt tóc trong trại huấn luyện", người đàn ông 47 tuổi kể.', 'https://i.imgur.com/KHNjeUR.png', 'Là một kỹ sư điện, Dubok đề nghị với quan chức tuyển quân cho ông làm kỹ thuật viên ở hậu phương. "Nhưng để có được công việc đó, bạn phải hối lộ họ", ông nói.\r\n\r\nCuối cùng, ông được điều tới bổ sung lực lượng cho một đơn vị bộ binh đã kiệt sức sau nhiều tháng chiến đấu gian khổ. Tiểu đoàn thuộc Lữ đoàn Cơ giới số 47 của ông đang bảo vệ thành phố Avdeevka trước làn sóng tấn công liên tục từ quân đội Nga. Đây đang là nơi diễn ra những trận đánh cam go nhất trong cuộc xung đột không ngừng nghỉ giữa Nga và Ukraine.\r\n\r\n"Về mặt thể chất, tôi không thể đảm nhận việc này", Dubok nói về vai trò lính tiền tuyến ông được giao. "Tôi vô cùng thất vọng rằng mình đã không còn ở độ tuổi 20 nữa".\r\n\r\nUkraine cần xây dựng lại lực lượng quân đội đã bị bào mòn sau gần hai năm chiến sự. Bộ binh, vốn chịu nhiều thương vong nhất, thường xuyên thiếu quân sau những trận giao tranh đẫm máu. Bộ trưởng Quốc phòng Nga Sergey Shoigu ngày 19/12 nói rằng Ukraine đã mất hơn 383.000 binh sĩ từ khi xung đột bùng phát. Trong khi đó, quân đội Ukraine ước tính Nga mất hơn 348.000 quân nhân trong cùng thời kỳ.\r\n\r\nNhững chiến binh có động lực chiến đấu cao nhất đã tình nguyện nhập ngũ từ những tháng đầu chiến sự. Những người còn sống hoặc bị thương đa phần đều nói rằng họ đã kiệt sức. Trong khi đó, Nga có dân số đông hơn nên dễ dàng bù đắp tổn thất về quân số.\r\n\r\nNhiều binh sĩ và nhà phân tích quân sự cho rằng hệ thống quân dịch của Ukraine hiện không thể huy động được nhân lực một cách hiệu quả nhằm cung cấp đủ binh sĩ với chất lượng tốt ra chiến trường.\r\n\r\nTình trạng tham nhũng, các điều kiện miễn trừ và những tính toán thận trọng về mặt chính trị đã giúp phần lớn tầng lớp trung lưu thành thị ở Ukraine không phải tòng quân, chiến đấu dưới các chiến hào lạnh lẽo và lầy lội.\r\n\r\nTrên tiền tuyến, một lượng lớn lính quân dịch là những người đàn ông trung niên như Dubok. Họ thường đến từ các làng mạc hay thị trấn nhỏ và quá nghèo để có thể hối lộ quan chức tuyển quân.\r\n\r\nNhững người lính kỳ cựu đã chiến đấu từ năm 2022, một số kể từ năm 2014 trên chiến trường miền đông Ukraine, đã bày tỏ thất vọng về việc nhiều tân binh hiện tại đều đã quá tuổi và không đạt điều kiện thể lực mạnh mẽ nhất.\r\n\r\n"Chất lượng của lực lượng thay thế không tốt. Họ là những người đàn ông nông thôn, tuổi từ 43 đến 50, đôi khi có vấn đề về sức khỏe", một lính bộ binh giàu kinh nghiệm chiến đấu gần Avdeevka cho hay.\r\n\r\nNhững người lính trung niên mệt mỏi nói rằng khi đi nghỉ phép ở các thành phố lớn như Kiev hay Dnipro, họ nhìn thấy những thanh niên trai tráng khỏe mạnh ở độ tuổi 20, 30 thường xuyên lui tới các phòng gym, quán bar và nhà hàng sành điệu.\r\n\r\n"Chúng ta chưa thực sự huy động toàn diện xã hội", Dobro, một lính điều khiển máy bay không người lái (UAV) thuộc lực lượng đặc nhiệm của hải quân Ukraine, nói. "Nhưng đó là điều cần thực hiện. Chúng ta không thể làm gì nếu chưa huy động toàn diện".\r\n\r\nTổng thống Ukraine Volodymyr Zelensky hôm 19/12 cho biết quân đội đang yêu cầu ông tuyển thêm tới 500.000 quân, song chưa có quyết định nào được đưa ra. Ông mô tả vấn đề này "rất nhạy cảm", lưu ý rằng nhiều quân nhân đã chiến đấu lâu năm cũng có thể sẽ bị điều động.\r\n\r\nDubok không phản kháng khi bị giam tại trung tâm quân dịch. "Tôi từng học cùng trường với những người đã bắt tôi. Tôi không muốn gây rắc rối với họ", ông nói. Trước đó, ông cũng đã tính đến việc nhập ngũ. "Nhưng không phải theo cách này", Dubok nhấn mạnh.\r\n\r\nNgày Dubok nhập ngũ, vợ ông đang chờ ông về nhà với dâu tây và kem. Bây giờ, ông mỗi ngày phải nhìn cảnh lũ chuột lúc nhúc trên chiến trường Avdeevka. "Tôi chưa bao giờ thấy những con chuột lớn như vậy trong đời", ông nói.\r\n\r\nNhiều video lan truyền trên mạng xã hội về những người đàn ông bị ép nhập ngũ trên đường phố Ukraine. "Điều đó là trái pháp luật. Họ chỉ có thể phát thông báo nhập ngũ, không phải bắt giam người", Serhiy Parokhnenko, luật sư từ Dnipro, cho hay.\r\n\r\nMột quan chức Bộ Quốc phòng Ukraine thừa nhận việc một số nhân viên tuyển quân ở địa phương vi phạm quy định, nhưng thêm rằng có quá nhiều công dân phớt lờ lệnh triệu tập.', '2023-12-21 17:00:00', 'hao', 0),
	('Y1703228572639', 'Colusa - Miliket là nhà tài trợ vàng Hò Dô 2023', 'Thương hiệu Colusa - Miliket đồng hành chuỗi sự kiện Hò Dô 2023 trong ba đêm chính 22-24/12, tại phố đi bộ Nguyễn Huệ, Lê Lợi, quận 1, TP HCM. ', 'https://i.imgur.com/hhyxMtI.png', 'Đại diện Colusa - Miliket cho biết, sự hợp tác giữa hai bên xuất phát từ nhiều điểm chung trong giá trị cốt lõi xuyên suốt hành trình, đặc biệt là "sứ mệnh xanh". Sứ mệnh này gắn với các hoạt động bảo vệ môi trường từ năm 2019 của Hò Dô, cùng các hoạt động thiết thực từ Ban tổ chức như: phát hành vé online, hạn chế sử dụng đồ nhựa, tổ chức đội tình nguyện hơn 100 thành viên thu gom rác thải trong không gian lễ hội... Trong khi đó, Colusa – Miliket phát triển với định hướng sản xuất xanh - xuất khẩu xanh - tiêu dùng xanh trong ngành thực phẩm, nhằm gia tăng sự cạnh tranh, kiên định chiến lược phát triển bền vững.\r\n\r\nColusa - Miliket là một trong những doanh nghiệp tiên phong ứng dụng công nghệ Plasma (công nghệ thân hiện môi trường, khử nhiễm vi sinh, nâng cao chất lượng thực phẩm) vào quy trình sản xuất mỳ, phở, bún, hủ tiếu, bột canh, tương ớt... Thương hiệu đang từng bước tạo nền tảng hướng đến chứng nhận trung hòa carbon đạt chuẩn và mục tiêu phát thải ròng bằng 0 (Net Zero) đến năm 2050.\r\n\r\nDoanh nghiệp cũng có kế hoạch liên kết để đạt các tín chỉ carbon từ vùng nguyên liệu, sản xuất lúa xanh như: trồng lúa Plasma, gạo Plasma, sản xuất chế biến sản phẩm sau gạo để thành chuỗi giá trị hàng xuất khẩu đảm bảo tiêu chí giảm phát thải trong sản xuất, hướng tới phát triển bền vững.\r\n\r\nHình ảnh hai con tôm quen thuộc được in trên bao bì mỳ ăn liền của Colusa - Miliket đã trở thành "huyền thoại" trong ký ức, tuổi thơ và văn hóa người Việt. Sau hơn 50 năm phát triển và sáng tạo, Colusa - Miliket không chỉ đặt chất lượng sản phẩm, an toàn vệ sinh thực phẩm và sức khỏe của người tiêu dùng lên hàng đầu, còn tập trung cho công tác sản xuất xanh - sản phẩm sạch - môi trường xanh.\r\n\r\nColusa - Miliket được công nhận là Thương hiệu Quốc gia Việt Nam, Hàng Việt Nam chất lượng cao, Thương hiệu Vàng TP HCM, Thương hiệu vì môi trường, Thương hiệu mạnh Asean, Sản phẩm xanh và nhà máy xanh... Đây là lời khẳng định cho chất lượng sản phẩm của Colusa - Miliket trong hành trình cải tiến quy trình sản xuất, thực hiện công tác bảo vệ môi trường.', '2023-12-22 07:02:52', 'Doisong', 0),
	('Y1703229189409', 'Máy lọc nước Karofi hỗ trợ bảo vệ sức khỏe cho gia đình', 'Sản phẩm của thương hiệu Karofi sở hữu công nghệ lọc hiện đại, tạo ra nguồn nước tinh khiết và thiết kế nhỏ gọn, thích hợp với nhiều không gian', 'https://i.imgur.com/ot9CPNk.png', 'Trước thực trạng ô nhiễm nước đang diễn ra ở cả nông thôn lẫn thành thị, máy lọc nước trở thành thiết bị cần thiết trong gia đình. Chiếc máy này hỗ trợ loại bỏ tạp chất, cặn bẩn, virus, vi khuẩn... nhằm tạo ra nguồn nước tinh khiết phục vụ sinh hoạt và ăn uống, đảm bảo an toàn cho sức khỏe. Bên cạnh đó, nhiều sản phẩm máy lọc nước có thiết kế hiện đại còn đóng vai trò như một món đồ trang trí, giúp nâng tầm thẩm mỹ cho không gian sống của gia chủ.\r\n\r\nThị trường hiện có nhiều thương hiệu máy lọc nước, trong đó, Karofi là một trong những thương hiệu uy tín, có hơn 18 năm nghiên cứu chuyên sâu về nguồn nước và phát triển thành công nhiều dòng máy, đáp ứng đa dạng nhu cầu người dùng. Đó là máy lọc nước RO, nóng lạnh, hydrogen và ion kiềm.\r\n\r\nSản phẩm của Karofi có nước sau lọc đạt chuẩn nước uống tinh khiết đóng chai QCVN 6-1:2010/BYT do Viện Sức khỏe nghề nghiệp và Môi trường thuộc Bộ Y tế cấp theo chuẩn quốc gia và WHO. Sau lọc, người dùng có thể uống trực tiếp tại vòi mà không cần đun sôi.\r\n\r\nMáy lọc nước của hãng được trang bị hệ lõi lọc công nghệ Smax. Trong đó, lõi lọc thô Smax Pro V có cấu trúc hai lớp hiện đại giúp tăng gấp hai lần hiệu suất lọc, gấp 3 diện tích tiếp xúc, kéo dài thời gian thay lõi lên đến 12 tháng, tiết kiệm đến 50% tổng chi phí trong suốt vòng đời sử dụng máy. Đặc biệt, công nghệ smart connect được tích hợp ở hệ lõi này giúp chống hàng giả, hàng nhái, bảo vệ hiệu quả hệ thống lọc.\r\n\r\nKết hợp cùng màng RO sản xuất tại Mỹ, máy lọc Karofi giúp loại bỏ các chất ô nhiễm có trong nước (virus, vi khuẩn, ion kim loại nặng...), tạo nguồn nước đầu ra tinh khiết. Qua cụm lõi chức năng Smax HP6 đúc nguyên khối với các lõi T33-GAC, Orp Alkaline, Tourmaline, Hydrogen Plus... nước được bổ sung thêm khoáng chất, hydrogen, ion kiềm tốt cho sức khỏe.\r\n\r\nCác công nghệ thông minh cũng được Karofi tích hợp trong máy lọc nước nhằm kiến tạo cuộc sống tiện nghi, hiện đại hơn. Một số công nghệ gồm công nghệ VoiceCall lấy nước bằng giọng nói ở model Karofi KAD-N91, KAE-S85, KAE-S88; công nghệ điện phân màng ngăn tạo đa dạng loại nước ion kiềm ở model Karofi S88; công nghệ AioTec giám sát từ xa bằng giọng nói ở sản phẩm KAD-N89, KAD-N69...', '2023-12-22 07:13:09', 'Doisong', 0);

-- Dumping structure for table web.binhluan
CREATE TABLE IF NOT EXISTS `binhluan` (
  `maBinhLuan` varchar(50) NOT NULL,
  `tenDangNhap` varchar(50) DEFAULT NULL,
  `maBaiBao` varchar(50) DEFAULT NULL,
  `noiDung` text DEFAULT NULL,
  `ngayBinhLuan` date DEFAULT NULL,
  PRIMARY KEY (`maBinhLuan`),
  KEY `tenDangNhap` (`tenDangNhap`),
  KEY `maBaiBao` (`maBaiBao`),
  CONSTRAINT `binhluan_ibfk_1` FOREIGN KEY (`tenDangNhap`) REFERENCES `nguoidung` (`tenDangNhap`),
  CONSTRAINT `binhluan_ibfk_2` FOREIGN KEY (`maBaiBao`) REFERENCES `baibao` (`maBaiBao`)
) ENGINE=InnoDB DEFAULT CHARSET=utf8mb4 COLLATE=utf8mb4_general_ci;

-- Dumping data for table web.binhluan: ~3 rows (approximately)
INSERT INTO `binhluan` (`maBinhLuan`, `tenDangNhap`, `maBaiBao`, `noiDung`, `ngayBinhLuan`) VALUES
	('Q1705977909951', 'hao', 'B1703238911078', 'bình luận mới', '2024-01-23'),
	('S1705977925926', 'hao', 'B1703238911078', 'bình luận mới hơn\r\n', '2024-01-23'),
	('U1704778494528', 'vui', 'E1703234436656', 'bài báo này cực kì hay tôi rất thích\r\n', '2024-01-09');

-- Dumping structure for table web.danhsachdangky
CREATE TABLE IF NOT EXISTS `danhsachdangky` (
  `maDK` varchar(50) NOT NULL,
  `tenDangNhap` varchar(50) CHARACTER SET utf8mb4 COLLATE utf8mb4_general_ci NOT NULL,
  `ngayDK` timestamp NOT NULL DEFAULT current_timestamp() ON UPDATE current_timestamp(),
  PRIMARY KEY (`maDK`) USING BTREE,
  KEY `tenDangNhap` (`tenDangNhap`),
  CONSTRAINT `danhsachdangky_ibfk_1` FOREIGN KEY (`tenDangNhap`) REFERENCES `nguoidung` (`tenDangNhap`)
) ENGINE=InnoDB DEFAULT CHARSET=utf8mb4 COLLATE=utf8mb4_vietnamese_ci;

-- Dumping data for table web.danhsachdangky: ~5 rows (approximately)
INSERT INTO `danhsachdangky` (`maDK`, `tenDangNhap`, `ngayDK`) VALUES
	('dk1', 'nan', '2024-01-07 15:57:51'),
	('dk2', 'hiu123', '2024-01-22 13:39:46'),
	('dk3', 'Duhocsinh', '2024-01-22 13:40:20'),
	('dk4', 'vui', '2024-01-22 13:40:28'),
	('O1705938076571', 'hao1', '2024-01-22 15:41:16');

-- Dumping structure for table web.danhsachtheloaiphu
CREATE TABLE IF NOT EXISTS `danhsachtheloaiphu` (
  `maBaiBao` varchar(50) NOT NULL,
  `maTheLoai` varchar(50) NOT NULL,
  PRIMARY KEY (`maTheLoai`,`maBaiBao`),
  KEY `maBaiBao` (`maBaiBao`),
  CONSTRAINT `danhsachtheloaiphu_ibfk_1` FOREIGN KEY (`maTheLoai`) REFERENCES `theloai` (`maTheLoai`),
  CONSTRAINT `danhsachtheloaiphu_ibfk_2` FOREIGN KEY (`maBaiBao`) REFERENCES `baibao` (`maBaiBao`)
) ENGINE=InnoDB DEFAULT CHARSET=utf8mb4 COLLATE=utf8mb4_general_ci;

-- Dumping data for table web.danhsachtheloaiphu: ~53 rows (approximately)
INSERT INTO `danhsachtheloaiphu` (`maBaiBao`, `maTheLoai`) VALUES
	('U1703238479296', 'amthuc'),
	('K1703234635618', 'baohiem'),
	('M1703234801814', 'baohiem'),
	('S1703214840299', 'bongda'),
	('U1703214743998', 'bongda'),
	('B1703238911078', 'camnang'),
	('H1703239194737', 'camnang'),
	('U1703230925999', 'chinhsach'),
	('V1703214080561', 'chinhsach'),
	('P1703229681406', 'chinhtri'),
	('T1703229534170', 'chinhtri'),
	('G1703213902718', 'chungkhoan'),
	('Q1703231101910', 'chungkhoan'),
	('E1703228923154', 'cooking'),
	('H1703231237295', 'cooking'),
	('M1703229969370', 'cuocsong'),
	('W1703213255927', 'cuocsong'),
	('F1703238264027', 'diemden'),
	('V1703238378714', 'diemden'),
	('E1703234436656', 'doanhnghiep'),
	('W1703234327806', 'doanhnghiep'),
	('O1703231598431', 'duan'),
	('P1703214202924', 'duan'),
	('L1703228102934', 'duhoc'),
	('P1703231366099', 'duhoc'),
	('L1703228329237', 'giaoduc40'),
	('Q1703233120412', 'giaoduc40'),
	('P1703229681406', 'giaothong'),
	('U1703232914871', 'giaothong'),
	('I1702733943744', 'laodong'),
	('W1703212922487', 'laodong'),
	('W1703215001523', 'lichthidau'),
	('W1703236307501', 'marathon'),
	('X1703236226771', 'marathon'),
	('X1703238010647', 'nhipsong'),
	('D1703234948146', 'quansu'),
	('N1703235115131', 'quansu'),
	('B1703212645963', 'quocte'),
	('G1703231721732', 'quocte'),
	('R1703215101072', 'tennis'),
	('X1703233293867', 'tennis'),
	('F1703214348023', 'thitruong'),
	('I1703234158437', 'thitruong'),
	('S1703229067229', 'tieudung'),
	('Y1703229189409', 'tieudung'),
	('X1703227759752', 'tintuc'),
	('H1703228789114', 'toam'),
	('O1703228658040', 'toam'),
	('A1703229867174', 'tulieu'),
	('M1703229969370', 'tulieu'),
	('Y1703213102897', 'tulieu'),
	('F1703214491483', 'tuvan'),
	('G1703239325016', 'tuvan'),
	('P1703232192665', 'tuvan');

-- Dumping structure for table web.nguoidung
CREATE TABLE IF NOT EXISTS `nguoidung` (
  `tenDangNhap` varchar(50) NOT NULL,
  `matKhau` varchar(255) DEFAULT NULL,
  `hoVaTen` varchar(255) CHARACTER SET utf8 COLLATE utf8_general_ci DEFAULT NULL,
  `email` varchar(255) DEFAULT NULL,
  `ngaySinh` date DEFAULT NULL,
  `avt` varchar(255) DEFAULT 'https://i.imgur.com/zcDshiw.png',
  `loaiTaiKhoan` varchar(255) DEFAULT 'NguoiDung',
  PRIMARY KEY (`tenDangNhap`)
) ENGINE=InnoDB DEFAULT CHARSET=utf8mb4 COLLATE=utf8mb4_general_ci;

-- Dumping data for table web.nguoidung: ~10 rows (approximately)
INSERT INTO `nguoidung` (`tenDangNhap`, `matKhau`, `hoVaTen`, `email`, `ngaySinh`, `avt`, `loaiTaiKhoan`) VALUES
	('buon', 'buon', 'Hà Văn Buôn', 'buon@gmail.com', '2003-05-22', 'https://i.imgur.com/zcDshiw.png', 'nhaBao'),
	('Doisong', 'doisong', 'Trịnh Lê Đời', 'B@gmail', '2005-02-22', 'https://i.imgur.com/zcDshiw.png', 'nhaBao'),
	('Duhocsinh', 'jaina', 'Nguyễn Cung Lang', 'jaine@gmail.com', '2003-12-06', 'https://i.imgur.com/zcDshiw.png', 'NguoiDung'),
	('hao', 'hao', 'Ngô Quang Hiếu', 'hao@gmail.com', '2023-12-20', 'https://i.imgur.com/jXhTuh7.png', 'Admin'),
	('hao1', '123123', 'Híu', 'timkodctk2@gmail.com', '2024-01-01', 'https://i.imgur.com/zcDshiw.png', 'DangKy'),
	('hiu123', '123123', 'Ngô Quang Hiếu', 'hao@gm.cb', '2024-01-01', 'https://i.imgur.com/zcDshiw.png', 'NguoiDung'),
	('kamvip', 'kamvip', 'Đào Lê Gương', 'X@gmail', '2005-06-22', 'https://i.imgur.com/zcDshiw.png', 'NguoiDung'),
	('nan', 'nan', 'Nguyễn Văn Tùng', 'a@g', '2023-12-20', 'https://i.imgur.com/zcDshiw.png', 'NguoiDung'),
	('nao', 'nao', 'nao', 'nao@h', '2023-12-13', 'https://i.imgur.com/zcDshiw.png', 'NguoiDung'),
	('ngan', 'ngan', 'Vo Dinh Ngan', 'ngan@gmail.com', '1995-10-22', 'https://i.imgur.com/zcDshiw.png', 'nhaBao'),
	('test', '123123', 'hiu', 'hao@gm.com', '2024-01-01', 'https://i.imgur.com/zcDshiw.png', 'NhaBao'),
	('vui', 'vui', 'Nguyễn Chang Vui', 'vui@gmail.com', '2000-06-22', 'https://i.imgur.com/zcDshiw.png', 'NguoiDung');

-- Dumping structure for table web.theloai
CREATE TABLE IF NOT EXISTS `theloai` (
  `maTheLoai` varchar(50) NOT NULL,
  `tenTheLoai` varchar(255) CHARACTER SET utf8 COLLATE utf8_general_ci DEFAULT NULL,
  PRIMARY KEY (`maTheLoai`)
) ENGINE=InnoDB DEFAULT CHARSET=utf8mb4 COLLATE=utf8mb4_general_ci;

-- Dumping data for table web.theloai: ~43 rows (approximately)
INSERT INTO `theloai` (`maTheLoai`, `tenTheLoai`) VALUES
	('amthuc', 'Ẩm thực'),
	('baohiem', 'Bảo hiểm'),
	('batdongsan', 'Bất động sản'),
	('bongda', 'Bóng đá'),
	('camnang', 'Cẩm nang'),
	('chinhsach', 'Chính sách'),
	('chinhtri', 'Chính trị'),
	('chungkhoan', 'Chứng khoán'),
	('cooking', 'Cooking'),
	('cuocsong', 'Cuộc sống'),
	('dansinh', 'Dân sinh'),
	('diemden', 'Điểm đến'),
	('diendan', 'Diễn đàn'),
	('doanhnghiep', 'Doanh  nghiệp'),
	('doisong', 'Đời sống'),
	('duan', 'Dự án'),
	('duhoc', 'Du học'),
	('dulich', 'Du lịch'),
	('giaoduc', 'Giáo dục'),
	('giaoduc40', 'Giáo dục 4.0'),
	('giaothong', 'Giao thông'),
	('hoctienganh', 'Học tiếng Anh'),
	('kinhdoanh', 'Kinh doanh'),
	('laodong', 'Lao động'),
	('lichthidau', 'Lịch thi đấu'),
	('marathon', 'Marathon'),
	('muaban', 'Mua bán'),
	('nhipsong', 'Nhịp sống'),
	('quansu', 'Quân sự'),
	('quocte', 'Quốc tế'),
	('tennis', 'Tennis'),
	('thegioi', 'Thế giới'),
	('thethao', 'Thể thao'),
	('thibanglai', 'Thi bằng lái'),
	('thitruong', 'Thị trường'),
	('thoisu', 'Thời sự'),
	('tieudung', 'Tiêu dùng'),
	('tintuc', 'Tin tức'),
	('toam', 'Tổ ấm'),
	('tulieu', 'Tư liệu'),
	('tuvan', 'Tư vấn'),
	('tuyensinh', 'Tuyển sinh'),
	('xe', 'Xe');

-- Dumping structure for table web.theloaichinh
CREATE TABLE IF NOT EXISTS `theloaichinh` (
  `maBaiBao` varchar(50) NOT NULL,
  `maTheLoai` varchar(50) DEFAULT NULL,
  PRIMARY KEY (`maBaiBao`),
  KEY `maTheLoai` (`maTheLoai`),
  CONSTRAINT `theloaichinh_ibfk_1` FOREIGN KEY (`maBaiBao`) REFERENCES `baibao` (`maBaiBao`),
  CONSTRAINT `theloaichinh_ibfk_2` FOREIGN KEY (`maTheLoai`) REFERENCES `theloai` (`maTheLoai`)
) ENGINE=InnoDB DEFAULT CHARSET=utf8mb4 COLLATE=utf8mb4_general_ci;

-- Dumping data for table web.theloaichinh: ~52 rows (approximately)
INSERT INTO `theloaichinh` (`maBaiBao`, `maTheLoai`) VALUES
	('I1703234158437', 'batdongsan'),
	('O1703231598431', 'batdongsan'),
	('P1703214202924', 'batdongsan'),
	('P1703232192665', 'batdongsan'),
	('U1703230925999', 'batdongsan'),
	('V1703214080561', 'batdongsan'),
	('E1703228923154', 'doisong'),
	('H1703228789114', 'doisong'),
	('H1703231237295', 'doisong'),
	('O1703228658040', 'doisong'),
	('O1703238115956', 'doisong'),
	('S1703229067229', 'doisong'),
	('X1703238010647', 'doisong'),
	('Y1703228572639', 'doisong'),
	('Y1703229189409', 'doisong'),
	('B1703238911078', 'dulich'),
	('F1703238264027', 'dulich'),
	('G1703239325016', 'dulich'),
	('H1703239194737', 'dulich'),
	('T1703238595631', 'dulich'),
	('U1703238479296', 'dulich'),
	('V1703238378714', 'dulich'),
	('C1703227958244', 'giaoduc'),
	('L1703228102934', 'giaoduc'),
	('L1703228329237', 'giaoduc'),
	('Q1703233120412', 'giaoduc'),
	('X1703227759752', 'giaoduc'),
	('B1703212645963', 'kinhdoanh'),
	('E1703234436656', 'kinhdoanh'),
	('G1703213902718', 'kinhdoanh'),
	('G1703231721732', 'kinhdoanh'),
	('K1703234635618', 'kinhdoanh'),
	('M1703234801814', 'kinhdoanh'),
	('Q1703231101910', 'kinhdoanh'),
	('W1703234327806', 'kinhdoanh'),
	('A1703229867174', 'thegioi'),
	('D1703234948146', 'thegioi'),
	('M1703229969370', 'thegioi'),
	('N1703235115131', 'thegioi'),
	('W1703213255927', 'thegioi'),
	('Y1703213102897', 'thegioi'),
	('R1703215101072', 'thethao'),
	('S1703214840299', 'thethao'),
	('U1703214743998', 'thethao'),
	('W1703215001523', 'thethao'),
	('W1703236307501', 'thethao'),
	('X1703233293867', 'thethao'),
	('X1703236226771', 'thethao'),
	('I1702733943744', 'thoisu'),
	('P1703229681406', 'thoisu'),
	('T1703229534170', 'thoisu'),
	('U1703232914871', 'thoisu'),
	('W1703212922487', 'thoisu');

-- Dumping structure for table web.xuhuong
CREATE TABLE IF NOT EXISTS `xuhuong` (
  `ngayXuHuong` date NOT NULL,
  `maBaiBao` varchar(50) CHARACTER SET utf8mb4 COLLATE utf8mb4_general_ci NOT NULL,
  PRIMARY KEY (`ngayXuHuong`,`maBaiBao`)
) ENGINE=InnoDB DEFAULT CHARSET=utf8mb4 COLLATE=utf8mb4_vietnamese_ci;

-- Dumping data for table web.xuhuong: ~419 rows (approximately)
INSERT INTO `xuhuong` (`ngayXuHuong`, `maBaiBao`) VALUES
	('2023-12-21', 'aksmk'),
	('2023-12-21', 'F1702734596037'),
	('2023-12-21', 'I1702733943744'),
	('2023-12-21', 'X1702733787805'),
	('2023-12-22', 'A1703211676852'),
	('2023-12-22', 'A1703229867174'),
	('2023-12-22', 'B1703212645963'),
	('2023-12-22', 'C1703227958244'),
	('2023-12-22', 'D1703234948146'),
	('2023-12-22', 'E1703228923154'),
	('2023-12-22', 'E1703234436656'),
	('2023-12-22', 'F1702734596037'),
	('2023-12-22', 'F1703212389992'),
	('2023-12-22', 'F1703214348023'),
	('2023-12-22', 'F1703214491483'),
	('2023-12-22', 'F1703238264027'),
	('2023-12-22', 'G1703213902718'),
	('2023-12-22', 'G1703231721732'),
	('2023-12-22', 'H1703228789114'),
	('2023-12-22', 'H1703231237295'),
	('2023-12-22', 'H1703233538462'),
	('2023-12-22', 'I1702733943744'),
	('2023-12-22', 'I1703232434025'),
	('2023-12-22', 'I1703234158437'),
	('2023-12-22', 'K1703234635618'),
	('2023-12-22', 'M1703229969370'),
	('2023-12-22', 'O1703212786659'),
	('2023-12-22', 'P1703214202924'),
	('2023-12-22', 'P1703229681406'),
	('2023-12-22', 'Q1703162862670'),
	('2023-12-22', 'R1703215101072'),
	('2023-12-22', 'S1703214840299'),
	('2023-12-22', 'S1703229067229'),
	('2023-12-22', 'T1703229534170'),
	('2023-12-22', 'T1703238595631'),
	('2023-12-22', 'U1703214743998'),
	('2023-12-22', 'V1703214080561'),
	('2023-12-22', 'W1703212922487'),
	('2023-12-22', 'W1703213255927'),
	('2023-12-22', 'W1703234327806'),
	('2023-12-22', 'X1702733787805'),
	('2023-12-22', 'X1703227759752'),
	('2024-01-03', 'F1703214348023'),
	('2024-01-03', 'G1703213902718'),
	('2024-01-03', 'G1703239325016'),
	('2024-01-03', 'H1703228789114'),
	('2024-01-03', 'H1703239194737'),
	('2024-01-03', 'K1703234635618'),
	('2024-01-03', 'L1703228102934'),
	('2024-01-03', 'L1703228329237'),
	('2024-01-03', 'M1703234801814'),
	('2024-01-03', 'P1703229681406'),
	('2024-01-03', 'P1703232192665'),
	('2024-01-03', 'Q1703231101910'),
	('2024-01-03', 'Q1703233120412'),
	('2024-01-03', 'T1703229534170'),
	('2024-01-03', 'U1703232914871'),
	('2024-01-03', 'U1703238479296'),
	('2024-01-03', 'W1703236307501'),
	('2024-01-03', 'X1703233293867'),
	('2024-01-03', 'X1703236226771'),
	('2024-01-03', 'Y1703228572639'),
	('2024-01-04', 'D1703234948146'),
	('2024-01-04', 'D1703239460210'),
	('2024-01-04', 'E1703234436656'),
	('2024-01-04', 'F1703214348023'),
	('2024-01-04', 'F1703214491483'),
	('2024-01-04', 'F1703238264027'),
	('2024-01-04', 'H1703233538462'),
	('2024-01-04', 'M1703229969370'),
	('2024-01-04', 'M1703234801814'),
	('2024-01-04', 'O1703212786659'),
	('2024-01-04', 'O1703228234107'),
	('2024-01-04', 'R1703215101072'),
	('2024-01-04', 'S1703214840299'),
	('2024-01-04', 'U1703230925999'),
	('2024-01-04', 'V1703238378714'),
	('2024-01-04', 'X1703233293867'),
	('2024-01-04', 'X1703236226771'),
	('2024-01-04', 'Y1703229189409'),
	('2024-01-06', 'A1703229867174'),
	('2024-01-06', 'B1703212645963'),
	('2024-01-06', 'B1703238911078'),
	('2024-01-06', 'C1703227958244'),
	('2024-01-06', 'D1703234948146'),
	('2024-01-06', 'D1703239460210'),
	('2024-01-06', 'E1703228923154'),
	('2024-01-06', 'E1703234436656'),
	('2024-01-06', 'F1703214348023'),
	('2024-01-06', 'F1703214491483'),
	('2024-01-06', 'F1703238264027'),
	('2024-01-06', 'G1703213902718'),
	('2024-01-06', 'G1703239325016'),
	('2024-01-06', 'H1703228789114'),
	('2024-01-06', 'H1703233538462'),
	('2024-01-06', 'H1703239194737'),
	('2024-01-06', 'I1702733943744'),
	('2024-01-06', 'I1703232434025'),
	('2024-01-06', 'I1703234158437'),
	('2024-01-06', 'K1703234635618'),
	('2024-01-06', 'L1703228102934'),
	('2024-01-06', 'L1703228329237'),
	('2024-01-06', 'M1703229969370'),
	('2024-01-06', 'N1703235115131'),
	('2024-01-06', 'N1704536145371'),
	('2024-01-06', 'O1703212786659'),
	('2024-01-06', 'O1703228234107'),
	('2024-01-06', 'O1703228658040'),
	('2024-01-06', 'O1703231598431'),
	('2024-01-06', 'O1703238115956'),
	('2024-01-06', 'P1703214202924'),
	('2024-01-06', 'P1703229681406'),
	('2024-01-06', 'P1703231366099'),
	('2024-01-06', 'P1703232192665'),
	('2024-01-06', 'Q1703231101910'),
	('2024-01-06', 'Q1703233120412'),
	('2024-01-06', 'R1703215101072'),
	('2024-01-06', 'S1703214840299'),
	('2024-01-06', 'S1703229067229'),
	('2024-01-06', 'T1703229534170'),
	('2024-01-06', 'T1703238595631'),
	('2024-01-06', 'U1703214743998'),
	('2024-01-06', 'U1703230925999'),
	('2024-01-06', 'U1703232914871'),
	('2024-01-06', 'U1703238479296'),
	('2024-01-06', 'V1703214080561'),
	('2024-01-06', 'W1703212922487'),
	('2024-01-06', 'W1703213255927'),
	('2024-01-06', 'W1703215001523'),
	('2024-01-06', 'W1703234327806'),
	('2024-01-06', 'W1703236307501'),
	('2024-01-06', 'X1703227759752'),
	('2024-01-06', 'X1703233293867'),
	('2024-01-06', 'X1703236226771'),
	('2024-01-06', 'X1703238010647'),
	('2024-01-06', 'Y1703213102897'),
	('2024-01-06', 'Y1703228572639'),
	('2024-01-06', 'Y1703229189409'),
	('2024-01-07', 'A1703229867174'),
	('2024-01-07', 'B1703212645963'),
	('2024-01-07', 'B1703238911078'),
	('2024-01-07', 'C1703227958244'),
	('2024-01-07', 'D1703234948146'),
	('2024-01-07', 'E1703228923154'),
	('2024-01-07', 'E1703234436656'),
	('2024-01-07', 'F1703214348023'),
	('2024-01-07', 'F1703214491483'),
	('2024-01-07', 'G1703213902718'),
	('2024-01-07', 'G1703231721732'),
	('2024-01-07', 'H1703228789114'),
	('2024-01-07', 'H1703231237295'),
	('2024-01-07', 'H1703233538462'),
	('2024-01-07', 'H1703239194737'),
	('2024-01-07', 'I1702733943744'),
	('2024-01-07', 'I1703232434025'),
	('2024-01-07', 'I1703234158437'),
	('2024-01-07', 'K1703234635618'),
	('2024-01-07', 'L1703228102934'),
	('2024-01-07', 'L1703228329237'),
	('2024-01-07', 'M1703229969370'),
	('2024-01-07', 'M1703234801814'),
	('2024-01-07', 'N1703235115131'),
	('2024-01-07', 'O1703212786659'),
	('2024-01-07', 'O1703228658040'),
	('2024-01-07', 'O1703231598431'),
	('2024-01-07', 'O1703238115956'),
	('2024-01-07', 'P1703229681406'),
	('2024-01-07', 'P1703231366099'),
	('2024-01-07', 'P1703232192665'),
	('2024-01-07', 'Q1703231101910'),
	('2024-01-07', 'Q1703233120412'),
	('2024-01-07', 'R1703215101072'),
	('2024-01-07', 'S1703214840299'),
	('2024-01-07', 'S1703229067229'),
	('2024-01-07', 'T1703229534170'),
	('2024-01-07', 'T1703238595631'),
	('2024-01-07', 'U1703214743998'),
	('2024-01-07', 'U1703230925999'),
	('2024-01-07', 'U1703232914871'),
	('2024-01-07', 'U1703238479296'),
	('2024-01-07', 'V1703214080561'),
	('2024-01-07', 'V1703238378714'),
	('2024-01-07', 'W1703212922487'),
	('2024-01-07', 'W1703213255927'),
	('2024-01-07', 'W1703215001523'),
	('2024-01-07', 'W1703234327806'),
	('2024-01-07', 'W1703236307501'),
	('2024-01-07', 'X1703227759752'),
	('2024-01-07', 'X1703233293867'),
	('2024-01-07', 'X1703238010647'),
	('2024-01-07', 'Y1703213102897'),
	('2024-01-07', 'Y1703228572639'),
	('2024-01-08', 'A1703229867174'),
	('2024-01-08', 'B1703212645963'),
	('2024-01-08', 'D1703239460210'),
	('2024-01-08', 'F1703214348023'),
	('2024-01-08', 'F1703214491483'),
	('2024-01-08', 'F1703238264027'),
	('2024-01-08', 'G1703213902718'),
	('2024-01-08', 'G1703231721732'),
	('2024-01-08', 'G1703239325016'),
	('2024-01-08', 'H1703228789114'),
	('2024-01-08', 'H1703231237295'),
	('2024-01-08', 'H1703233538462'),
	('2024-01-08', 'H1703239194737'),
	('2024-01-08', 'I1703232434025'),
	('2024-01-08', 'I1703234158437'),
	('2024-01-08', 'K1703234635618'),
	('2024-01-08', 'L1703228329237'),
	('2024-01-08', 'M1703234801814'),
	('2024-01-08', 'O1703228234107'),
	('2024-01-08', 'O1703228658040'),
	('2024-01-08', 'P1703214202924'),
	('2024-01-08', 'P1703229681406'),
	('2024-01-08', 'P1703231366099'),
	('2024-01-08', 'P1703232192665'),
	('2024-01-08', 'Q1703233120412'),
	('2024-01-08', 'R1703215101072'),
	('2024-01-08', 'S1703214840299'),
	('2024-01-08', 'T1703229534170'),
	('2024-01-08', 'T1703238595631'),
	('2024-01-08', 'U1703232914871'),
	('2024-01-08', 'W1703212922487'),
	('2024-01-08', 'W1703236307501'),
	('2024-01-08', 'X1703227759752'),
	('2024-01-08', 'X1703233293867'),
	('2024-01-08', 'X1703238010647'),
	('2024-01-08', 'Y1703228572639'),
	('2024-01-09', 'B1703212645963'),
	('2024-01-09', 'B1703238911078'),
	('2024-01-09', 'C1703227958244'),
	('2024-01-09', 'E1703228923154'),
	('2024-01-09', 'F1703214491483'),
	('2024-01-09', 'H1703231237295'),
	('2024-01-09', 'I1702733943744'),
	('2024-01-09', 'I1703232434025'),
	('2024-01-09', 'K1703234635618'),
	('2024-01-09', 'N1703235115131'),
	('2024-01-09', 'O1703228658040'),
	('2024-01-09', 'Q1703231101910'),
	('2024-01-09', 'R1703215101072'),
	('2024-01-09', 'T1703229534170'),
	('2024-01-09', 'U1703214743998'),
	('2024-01-09', 'U1703238479296'),
	('2024-01-09', 'V1703214080561'),
	('2024-01-09', 'W1703236307501'),
	('2024-01-09', 'X1703238010647'),
	('2024-01-09', 'Y1703213102897'),
	('2024-01-09', 'Y1703228572639'),
	('2024-01-11', 'E1703228923154'),
	('2024-01-11', 'F1703214348023'),
	('2024-01-11', 'G1703231721732'),
	('2024-01-11', 'G1703239325016'),
	('2024-01-11', 'H1703239194737'),
	('2024-01-11', 'I1703234158437'),
	('2024-01-11', 'K1703234635618'),
	('2024-01-11', 'O1703228234107'),
	('2024-01-11', 'P1703214202924'),
	('2024-01-11', 'P1703231366099'),
	('2024-01-11', 'P1703232192665'),
	('2024-01-11', 'Q1703231101910'),
	('2024-01-11', 'U1703230925999'),
	('2024-01-11', 'V1703214080561'),
	('2024-01-11', 'W1703215001523'),
	('2024-01-11', 'Y1703213102897'),
	('2024-01-11', 'Y1703229189409'),
	('2024-01-14', 'A1703229867174'),
	('2024-01-14', 'B1703238911078'),
	('2024-01-14', 'D1703234948146'),
	('2024-01-14', 'D1703239460210'),
	('2024-01-14', 'E1703234436656'),
	('2024-01-14', 'F1703214348023'),
	('2024-01-14', 'F1703214491483'),
	('2024-01-14', 'F1703238264027'),
	('2024-01-14', 'G1703213902718'),
	('2024-01-14', 'G1703239325016'),
	('2024-01-14', 'H1703231237295'),
	('2024-01-14', 'H1703233538462'),
	('2024-01-14', 'H1703239194737'),
	('2024-01-14', 'I1702733943744'),
	('2024-01-14', 'I1703232434025'),
	('2024-01-14', 'I1703234158437'),
	('2024-01-14', 'K1703234635618'),
	('2024-01-14', 'L1703228102934'),
	('2024-01-14', 'L1703228329237'),
	('2024-01-14', 'M1703234801814'),
	('2024-01-14', 'N1703235115131'),
	('2024-01-14', 'O1703212786659'),
	('2024-01-14', 'O1703228658040'),
	('2024-01-14', 'P1703214202924'),
	('2024-01-14', 'P1703229681406'),
	('2024-01-14', 'P1703232192665'),
	('2024-01-14', 'Q1703231101910'),
	('2024-01-14', 'R1703215101072'),
	('2024-01-14', 'S1703229067229'),
	('2024-01-14', 'T1703229534170'),
	('2024-01-14', 'T1703238595631'),
	('2024-01-14', 'U1703230925999'),
	('2024-01-14', 'U1703238479296'),
	('2024-01-14', 'V1703214080561'),
	('2024-01-14', 'V1703238378714'),
	('2024-01-14', 'W1703213255927'),
	('2024-01-14', 'W1703215001523'),
	('2024-01-14', 'W1703236307501'),
	('2024-01-14', 'X1703227759752'),
	('2024-01-14', 'X1703236226771'),
	('2024-01-14', 'Y1703213102897'),
	('2024-01-14', 'Y1703228572639'),
	('2024-01-14', 'Y1703229189409'),
	('2024-01-15', 'A1703229867174'),
	('2024-01-15', 'B1703212645963'),
	('2024-01-15', 'C1703227958244'),
	('2024-01-15', 'D1703234948146'),
	('2024-01-15', 'F1703214348023'),
	('2024-01-15', 'G1703213902718'),
	('2024-01-15', 'G1703231721732'),
	('2024-01-15', 'G1703239325016'),
	('2024-01-15', 'H1703228789114'),
	('2024-01-15', 'H1703233538462'),
	('2024-01-15', 'H1703239194737'),
	('2024-01-15', 'I1703232434025'),
	('2024-01-15', 'I1703234158437'),
	('2024-01-15', 'K1703234635618'),
	('2024-01-15', 'L1703228102934'),
	('2024-01-15', 'L1703228329237'),
	('2024-01-15', 'M1703234801814'),
	('2024-01-15', 'N1703235115131'),
	('2024-01-15', 'O1703228234107'),
	('2024-01-15', 'O1703231598431'),
	('2024-01-15', 'O1703238115956'),
	('2024-01-15', 'P1703214202924'),
	('2024-01-15', 'P1703229681406'),
	('2024-01-15', 'P1703232192665'),
	('2024-01-15', 'Q1703231101910'),
	('2024-01-15', 'Q1703233120412'),
	('2024-01-15', 'T1703229534170'),
	('2024-01-15', 'T1703238595631'),
	('2024-01-15', 'U1703238479296'),
	('2024-01-15', 'V1703214080561'),
	('2024-01-15', 'V1703238378714'),
	('2024-01-15', 'W1703212922487'),
	('2024-01-15', 'W1703213255927'),
	('2024-01-15', 'W1703215001523'),
	('2024-01-15', 'W1703234327806'),
	('2024-01-15', 'X1703227759752'),
	('2024-01-15', 'X1703233293867'),
	('2024-01-15', 'Y1703213102897'),
	('2024-01-15', 'Y1703228572639'),
	('2024-01-15', 'Y1703229189409'),
	('2024-01-21', 'A1703229867174'),
	('2024-01-21', 'C1703227958244'),
	('2024-01-21', 'D1703234948146'),
	('2024-01-21', 'D1703239460210'),
	('2024-01-21', 'E1703234436656'),
	('2024-01-21', 'F1703214491483'),
	('2024-01-21', 'F1703238264027'),
	('2024-01-21', 'G1703213902718'),
	('2024-01-21', 'G1703239325016'),
	('2024-01-21', 'H1703228789114'),
	('2024-01-21', 'H1703231237295'),
	('2024-01-21', 'H1703239194737'),
	('2024-01-21', 'I1702733943744'),
	('2024-01-21', 'I1703234158437'),
	('2024-01-21', 'I1705326448581'),
	('2024-01-21', 'K1703234635618'),
	('2024-01-21', 'L1703228329237'),
	('2024-01-21', 'M1703229969370'),
	('2024-01-21', 'M1703234801814'),
	('2024-01-21', 'N1703235115131'),
	('2024-01-21', 'O1703228658040'),
	('2024-01-21', 'O1703238115956'),
	('2024-01-21', 'P1703214202924'),
	('2024-01-21', 'Q1703231101910'),
	('2024-01-21', 'R1703215101072'),
	('2024-01-21', 'S1703214840299'),
	('2024-01-21', 'S1703229067229'),
	('2024-01-21', 'T1703229534170'),
	('2024-01-21', 'U1703214743998'),
	('2024-01-21', 'U1703230925999'),
	('2024-01-21', 'U1703232914871'),
	('2024-01-21', 'U1703238479296'),
	('2024-01-21', 'V1703214080561'),
	('2024-01-21', 'V1703238378714'),
	('2024-01-21', 'W1703212922487'),
	('2024-01-21', 'W1703215001523'),
	('2024-01-21', 'W1703234327806'),
	('2024-01-21', 'X1703227759752'),
	('2024-01-21', 'X1703236226771'),
	('2024-01-21', 'X1703238010647'),
	('2024-01-21', 'Y1703213102897'),
	('2024-01-21', 'Y1703228572639'),
	('2024-01-21', 'Y1703229189409'),
	('2024-01-22', 'A1703229867174'),
	('2024-01-22', 'B1703238911078'),
	('2024-01-22', 'G1703239325016'),
	('2024-01-22', 'I1703234158437'),
	('2024-01-22', 'M1703234801814'),
	('2024-01-22', 'O1703228658040'),
	('2024-01-22', 'P1703231366099'),
	('2024-01-22', 'R1703215101072'),
	('2024-01-22', 'S1703229067229'),
	('2024-01-22', 'W1703213255927'),
	('2024-01-23', 'F1703214491483'),
	('2024-01-23', 'G1703213902718'),
	('2024-01-23', 'G1703231721732'),
	('2024-01-23', 'H1703231237295'),
	('2024-01-23', 'O1703228658040'),
	('2024-01-23', 'P1703229681406'),
	('2024-01-23', 'S1703229067229'),
	('2024-01-23', 'T1703238595631'),
	('2024-01-23', 'V1703214080561'),
	('2024-01-23', 'X1703227759752'),
	('2024-02-26', 'B1703212645963'),
	('2024-02-26', 'I1702733943744'),
	('2024-02-26', 'I1703234158437'),
	('2024-02-26', 'L1703228329237'),
	('2024-02-26', 'M1703229969370'),
	('2024-02-26', 'Q1703233120412'),
	('2024-02-26', 'R1703215101072'),
	('2024-02-26', 'U1703232914871'),
	('2024-02-26', 'X1703233293867'),
	('2024-02-26', 'Y1703229189409');

/*!40103 SET TIME_ZONE=IFNULL(@OLD_TIME_ZONE, 'system') */;
/*!40101 SET SQL_MODE=IFNULL(@OLD_SQL_MODE, '') */;
/*!40014 SET FOREIGN_KEY_CHECKS=IFNULL(@OLD_FOREIGN_KEY_CHECKS, 1) */;
/*!40101 SET CHARACTER_SET_CLIENT=@OLD_CHARACTER_SET_CLIENT */;
/*!40111 SET SQL_NOTES=IFNULL(@OLD_SQL_NOTES, 1) */;
